position,artist_name,song_name,days,top_10_x_times,peak_position,peak_position_x_times,peak_streams,total_streams,track_name,artists_name,artist_count,released_year,released_month,released_day,in_spotify_playlists,in_spotify_charts,streams,in_apple_playlists,in_apple_charts,in_deezer_playlists,in_deezer_charts,in_shazam_charts,bpm,key,mode,danceability_%,valence_%,energy_%,acousticness_%,instrumentalness_%,liveness_%,speechiness_%,cover_url
17,Glass Animals ,Heat Waves,763,248,1,(x34),1230046,540754791,Heat Waves,Glass Animals,1,2020,6,28,22543,63,2557975762,386,144,707,28,,81,B,Major,76,53,53,44,0,9,9,https://i.scdn.co/image/ab67616d0000b273712701c5e263efc8726b1464
7,The Weeknd ,Blinding Lights,1100,233,1,(x11),2355059,644287953,Blinding Lights,The Weeknd,1,2019,11,29,43899,69,3703895074,672,199,"3,421",20,,171,C#,Major,50,38,80,0,0,9,7,https://i.scdn.co/image/ab67616d0000b2738863bc11d2aa12b54f5aeb36
52,Harry Styles ,As It Was,273,203,1,(x40),5953134,348668080,As It Was,Harry Styles,1,2022,3,31,23575,130,2513188493,403,198,863,46,,174,F#,Minor,52,66,73,34,0,31,6,https://i.scdn.co/image/ab67616d0000b2732e8ed79e177ff6011076f5f0
39,The Weeknd ,The Hills,1243,194,1,(x6),1147436,392023505,The Hills,The Weeknd,1,2015,5,27,25744,4,1947371785,122,94,"1,992",0,18,136,,Minor,36,12,57,9,0,14,8,https://i.scdn.co/image/ab67616d0000b2737fcead687e99583072cc217b
23,Drake ,One Dance,772,187,1,(x103),2767175,454267392,One Dance,"Drake, WizKid, Kyla",3,2016,4,4,43257,24,2713922350,433,107,"3,631",0,26,104,C#,Major,77,36,63,1,0,36,5,https://i.scdn.co/image/ab67616d0000b2739416ed64daf84936d89e671c
24,Olivia Rodrigo ,good 4 u,547,187,1,(x53),4974833,454100610,good 4 u,Olivia Rodrigo,1,2021,5,14,15563,6,1887039593,259,55,461,1,,166,F#,Minor,56,68,66,28,0,11,18,https://i.scdn.co/image/ab67616d0000b273a91c10fe9472d9bd89802e5a
2,Juice WRLD ,Lucid Dreams,1673,178,1,(x20),2127668,864832399,Lucid Dreams,Juice WRLD,1,2017,6,15,14749,0,2288695111,188,34,710,0,5,84,B,Minor,44,22,48,38,0,33,24,https://i.scdn.co/image/ab67616d0000b273f7db43292a6a99b21b51d5b4
12,Post Malone ,Circles,1172,163,1,(x38),3441328,598521764,Circles,Post Malone,1,2019,8,30,19664,16,2132335812,391,73,633,3,37,120,,Major,70,59,75,24,0,9,4,https://i.scdn.co/image/ab67616d0000b2739478c87599550dd73bfa7e02
70,Mariah Carey ,All I Want for Christmas Is You,426,162,1,(x15),3987998,312323662,All I Want for Christmas Is You,Mariah Carey,1,1994,10,28,25653,0,1449779435,387,132,"2,094",0,,150,G,Major,34,33,63,16,0,7,4,https://i.scdn.co/image/ab67616d0000b2734246e3158421f5abb75abc4f
37,The Chainsmokers ,Closer,696,158,1,(x70),2504045,397735618,Closer,"The Chainsmokers, Halsey",2,2016,5,31,28032,0,2591224264,315,159,"2,179",0,44,95,G#,Major,75,64,52,41,0,11,3,https://i.scdn.co/image/ab67616d0000b273495ce6da9aeb159e94eaa453
169,Bad Bunny ,Me Porto Bonito,237,154,2,(x27),1947674,217545422,Me Porto Bonito,"Chencho Corleone, Bad Bunny",2,2022,5,6,8870,43,1440757818,104,120,141,26,49,92,C#,Minor,91,43,71,9,0,9,8,Not Found
11,Kendrick Lamar ,HUMBLE.,1175,152,1,(x67),4060034,606305588,HUMBLE.,Kendrick Lamar,1,2017,3,30,33206,1,1929770265,284,114,"1,481",0,5,150,C#,Minor,91,42,60,0,0,9,12,https://i.scdn.co/image/ab67616d0000b2738b52c6b9bc4e43d873869699
308,Hozier ,Take Me To Church,644,147,1,(x58),669026,152777306,Take Me To Church,Hozier,1,2013,9,13,23804,31,2135158446,187,99,"4,623",1,0,129,E,Minor,57,41,66,63,0,12,5,https://i.scdn.co/image/ab67616d0000b2734ca68d59a4a29c856a4a39c2
47,The Weeknd ,Starboy,785,141,1,(x29),2070596,368997138,Starboy,"The Weeknd, Daft Punk",2,2016,9,21,29536,79,2565529693,281,137,"2,445",1,140,186,G,Major,68,49,59,16,0,13,28,https://i.scdn.co/image/ab67616d0000b2734718e2b124f79258be7bc452
199,Justin Bieber ,Love Yourself,458,138,1,(x24),1333001,198773307,Love Yourself,Justin Bieber,1,2015,11,9,22730,5,2123309722,289,87,"2,430",0,36,100,E,Major,61,53,38,84,0,28,44,https://i.scdn.co/image/ab67616d0000b273f46b9d202509a8f7384b90de
140,Steve Lacy ,Bad Habit,183,136,1,(x66),1691327,239087671,Bad Habit,Steve Lacy,1,2022,6,29,8186,12,822633917,155,72,131,16,29,169,C#,Major,69,69,51,63,0,38,4,https://i.scdn.co/image/ab67616d0000b27368968350c2550e36d96344ee
936,Sam Smith ,I'm Not The Only One,167,124,2,(x16),488205,56402815,I'm Not The Only One,Sam Smith,1,2014,1,1,17492,3,1606986953,136,24,"1,959",0,30,82,F,Major,68,50,49,56,0,8,4,Not Found
86,Lil Nas X ,MONTERO (Call Me By Your Name),410,123,1,(x11),2378862,288187067,MONTERO (Call Me By Your Name),Lil Nas X,1,2020,9,18,12329,0,1735441776,275,19,738,0,,179,G#,Minor,61,76,51,30,0,38,15,https://i.scdn.co/image/ab67616d0000b273be82673b5f79d9658ec0a9fd
227,Ed Sheeran ,Thinking out Loud,792,118,1,(x3),665278,182153495,Thinking Out Loud,Ed Sheeran,1,2014,1,1,33032,0,2280566092,363,129,"3,895",0,28,79,D,Major,78,58,45,47,0,18,3,https://i.scdn.co/image/ab67616d0000b27313b3e37318a0c247b550bccd
263,Kodak Black ,Super Gremlin,346,117,2,(x9),1054999,171909115,Super Gremlin,Kodak Black,1,2021,10,30,2551,0,342779426,52,15,35,0,1,73,D,Major,83,11,41,0,0,36,14,https://i.scdn.co/image/ab67616d0000b2735340631eca6f127d094545c9
40,Dua Lipa ,Levitating,738,113,3,(x3),1284080,387860108,Levitating,Dua Lipa,1,2020,3,27,9833,0,797196073,233,82,531,1,1,103,F#,Minor,69,90,88,5,0,29,8,https://i.scdn.co/image/ab67616d0000b273d4daf28d55fe4197ede848be
97,Brenda Lee ,Rockin' Around The Christmas Tree,340,113,1,(x30),5771662,276529912,Rockin' Around The Christmas Tree,Brenda Lee,1,1958,1,1,14994,0,769213520,191,168,206,0,,140,G#,Major,70,85,41,71,0,45,5,https://i.scdn.co/image/ab67616d0000b2737845f74d6db14b400fa61cd3
75,Olivia Rodrigo ,deja vu,562,106,2,(x20),2794828,304638969,deja vu,Olivia Rodrigo,1,2021,4,1,7545,4,1256880657,117,39,141,0,46,181,A,Major,44,22,60,61,0,42,9,https://i.scdn.co/image/ab67616d0000b273a91c10fe9472d9bd89802e5a
43,Olivia Rodrigo ,drivers license,613,99,1,(x46),6145601,381085710,drivers license,Olivia Rodrigo,1,2021,1,8,12685,3,1858144199,185,61,485,0,,144,A#,Major,59,21,43,76,0,10,7,https://i.scdn.co/image/ab67616d0000b273a91c10fe9472d9bd89802e5a
147,Bobby Helms ,Jingle Bell Rock,335,98,1,(x1),4516839,235335220,Jingle Bell Rock,Bobby Helms,1,1957,1,1,10326,0,741301563,165,99,104,0,,119,D,Major,74,78,37,84,0,6,3,https://i.scdn.co/image/ab67616d0000b273fd56f3c7a294f5cfe51c7b17
282,Kate Bush ,Running Up That Hill (A Deal With God),182,98,1,(x30),2430143,163034803,Running Up That Hill (A Deal With God),Kate Bush,1,1985,9,16,21811,0,1024858327,117,1,676,3,0,108,A#,Minor,63,20,55,72,0,6,6,https://i.scdn.co/image/ab67616d0000b273ad08f4b38efbff0c0da0f252
53,Ed Sheeran ,Shape of You,618,96,1,(x48),2156546,348283656,Shape of You,Ed Sheeran,1,2017,1,6,32181,10,3562543890,33,0,"6,808",7,0,96,C#,Minor,83,93,65,58,0,9,8,https://i.scdn.co/image/ab67616d0000b273ba5db46f4b838ef6027e6f96
76,Polo G ,RAPSTAR,519,84,1,(x22),2691084,299470033,RAPSTAR,Polo G,1,2021,4,9,4731,0,797402345,141,12,78,0,0,81,F#,Major,79,44,54,41,0,13,24,https://i.scdn.co/image/ab67616d0000b273a493e05c99d8ec5e8020ff2b
106,SZA ,Good Days,604,83,1,(x3),1387122,270125295,Good Days,SZA,1,2020,12,24,10426,2,826623384,133,109,182,1,10,121,C#,Minor,46,53,78,23,0,72,6,https://i.scdn.co/image/ab67616d0000b27370dbc9f47669d120ad874ec1
279,Joji ,Glimpse of Us,201,83,1,(x16),2474076,163315058,Glimpse of Us,Joji,1,2022,6,10,6330,6,988515741,109,42,158,3,31,170,G#,Major,44,27,32,89,0,14,5,https://i.scdn.co/image/ab67616d0000b27308596cc28b9f5b00bfe08ae7
208,Jack Harlow ,First Class,231,77,1,(x11),5962326,195314542,First Class,Jack Harlow,1,2022,4,8,8737,0,694525298,163,32,137,15,12,107,G#,Major,91,32,56,3,0,11,10,https://i.scdn.co/image/ab67616d0000b2738e55edb69ca44a25b52b17bb
260,Adele ,Easy On Me,246,73,1,(x29),5435431,173180228,Easy On Me,Adele,1,2021,10,14,10195,20,1406111294,258,87,657,22,9,142,F,Major,60,13,37,58,0,13,3,https://i.scdn.co/image/ab67616d0000b27350dba34377a595e35f81b0e4
107,Doja Cat ,Need To Know,460,72,3,(x3),1245936,268475081,Need To Know,Doja Cat,1,2021,6,11,6672,0,1042568408,125,36,150,0,,130,C#,Major,66,19,61,30,0,9,7,https://i.scdn.co/image/ab67616d0000b273be841ba4bc24340152e3a79a
171,Andy Williams ,It's the Most Wonderful Time of the Year,342,72,3,(x2),3837208,214480695,It's the Most Wonderful Time of the Year,Andy Williams,1,1963,10,14,8879,0,663832097,182,107,160,0,1,202,G,Major,24,76,60,77,0,12,4,https://i.scdn.co/image/ab67616d0000b27398073965947f92f1641b8356
261,Ariana Grande ,positions,333,69,1,(x25),2805107,172797966,positions,Ariana Grande,1,2020,10,23,8207,0,1252563873,175,55,95,0,2,144,,Major,73,66,80,44,0,9,12,https://i.scdn.co/image/ab67616d0000b2735ef878a782c987d38d82b605
554,Nicki Minaj ,Super Freaky Girl,137,66,2,(x12),1573025,96391022,Super Freaky Girl,Nicki Minaj,1,2022,8,12,4827,0,428685680,104,17,76,9,2,133,D,Major,95,91,89,6,0,31,24,https://i.scdn.co/image/ab67616d0000b273c2b3ab9829aefad24fa2c1bc
32,Harry Styles ,Watermelon Sugar,988,65,3,(x3),1609066,409073262,Watermelon Sugar,Harry Styles,1,2019,11,17,21915,34,2322580122,437,115,"1,212",12,,95,,Major,55,56,82,12,0,34,5,https://i.scdn.co/image/ab67616d0000b27377fdcfda6535601aff081b6a
675,Jessica Darrow ,Surface Pressure,136,60,3,(x1),1003606,78691499,Surface Pressure,Jessica Darrow,1,2021,11,19,1756,0,267758538,38,48,20,0,0,180,D,Major,65,37,58,2,0,4,31,https://i.scdn.co/image/ab67616d0000b273e1ac646ed6f25125e2a77229
303,Masked Wolf ,Astronaut In The Ocean,290,58,4,0,1028047,155387513,Astronaut In The Ocean,Masked Wolf,1,2019,1,1,7191,0,1138474110,146,18,478,0,7,150,E,Minor,78,47,70,18,0,15,9,https://i.scdn.co/image/ab67616d0000b27397fdd7cf1b14d78c6a7fb17f
206,Doja Cat ,Streets,477,57,3,(x12),1024708,195884808,Streets,Doja Cat,1,2019,11,7,5728,0,865640097,85,87,179,0,12,90,B,Major,75,19,46,21,4,34,8,https://i.scdn.co/image/ab67616d0000b273f14aa81116510d3a6df8432b
207,Wham! ,Last Christmas,315,56,4,0,3525042,195381527,Last Christmas,Wham!,1,1984,1,1,22153,0,1159176109,274,111,"1,302",0,,107,B,Minor,74,88,65,28,0,46,3,https://i.scdn.co/image/ab67616d0000b273f2d2adaa21ad616df6241e7d
211,Bruno Mars ,Leave The Door Open,400,52,2,(x3),1765144,193296752,Leave The Door Open,"Bruno Mars, Anderson .Paak, Silk Sonic",3,2021,3,5,14417,0,1115880852,237,123,569,0,10,148,F,Major,59,72,62,18,0,9,3,https://i.scdn.co/image/ab67616d0000b273fcf75ead8a32ac0020d2ce86
317,Lizzo ,About Damn Time,243,51,3,(x1),1276164,148776441,,,,,,,,,,,,,,,,,,,,,,,,,
135,The Weeknd ,Save Your Tears,692,49,2,(x4),1465508,242055670,Save Your Tears,The Weeknd,1,2020,3,20,12688,13,1591223784,197,115,112,0,200,118,,Major,68,61,82,2,0,50,3,https://i.scdn.co/image/ab67616d0000b2738863bc11d2aa12b54f5aeb36
252,Ed Sheeran ,Bad Habits,350,49,7,0,1259918,174488164,Bad Habits,Ed Sheeran,1,2020,9,3,12755,8,1555511105,344,97,945,15,,126,B,Minor,81,59,90,5,0,36,3,https://i.scdn.co/image/ab67616d0000b273ef24c3fdbf856340d55cfeb2
458,d4vd ,Romantic Homicide,149,48,2,(x1),1061087,112839982,Romantic Homicide,d4vd,1,2022,7,20,2335,23,681583126,82,55,50,0,9,132,F#,Major,56,20,55,45,1,32,3,https://i.scdn.co/image/ab67616d0000b273bd1a52b3d5903ee01c216da0
91,Dua Lipa ,Don't Start Now,646,47,4,0,1220899,284754771,Don't Start Now,Dua Lipa,1,2019,10,31,27119,0,2303033973,532,77,"1,535",3,8,124,B,Minor,79,68,79,1,0,10,8,https://i.scdn.co/image/ab67616d0000b27368cd91e1d8cbabf23d332041
1755,Taylor Swift ,Shake It Off,56,45,1,(x41),619815,24714054,Shake It Off,Taylor Swift,1,2014,1,1,21335,13,1113838873,328,70,"1,378",9,20,160,G,Major,65,95,80,5,0,41,16,https://i.scdn.co/image/ab67616d0000b2739abdf14e6058bd3903686148
542,Drake ,Rich Flex,55,43,1,(x28),5389787,97928728,Rich Flex,"Drake, 21 Savage",2,2022,11,4,4657,18,573633020,84,84,42,0,23,153,B,Minor,56,42,52,5,0,36,24,https://i.scdn.co/image/ab67616d0000b27302854a7060fccc1a66a4b5ad
31,Lewis Capaldi ,Someone You Loved,952,40,5,0,1118953,410725370,Someone You Loved,Lewis Capaldi,1,2018,11,8,17836,53,2887241814,440,125,"1,800",0,,110,C#,Major,50,45,41,75,0,11,3,https://i.scdn.co/image/ab67616d0000b273fc2101e6889d6ce9025f85f2
327,Doja Cat ,Ain't Shit,356,39,4,0,1413486,145660715,Ain't Shit,Doja Cat,1,2021,6,25,3436,0,499710590,32,6,46,0,1,124,D#,Major,86,62,49,51,0,35,21,Not Found
251,The Walters ,I Love You So,431,38,7,0,683985,174547021,I Love You So,The Walters,1,2014,11,28,7536,7,972164968,44,19,135,0,6,76,A#,Major,58,46,67,65,0,13,4,https://i.scdn.co/image/ab67616d0000b2739214ff0109a0e062f8a6cf0f
415,OneRepublic ,I Ain't Worried,206,36,6,0,847839,122488638,I Ain't Worried,OneRepublic,1,2022,5,13,8431,76,1085685420,241,127,458,37,332,140,,Major,71,82,81,11,0,6,5,https://i.scdn.co/image/ab67616d0000b273ec96e006b8bdfc582610ec13
300,Olivia Rodrigo ,favorite crime,384,32,4,0,1886343,156762362,favorite crime,Olivia Rodrigo,1,2021,5,21,3681,0,783706581,20,21,99,0,7,173,A,Major,40,19,29,86,0,34,4,https://i.scdn.co/image/ab67616d0000b273a91c10fe9472d9bd89802e5a
698,David Guetta ,I'm Good (Blue),124,32,8,0,846229,75294822,I'm Good (Blue),"Bebe Rexha, David Guetta",2,2022,8,26,12482,80,1109433169,291,184,537,45,727,128,G,Minor,56,38,97,4,0,35,4,Not Found
643,Taylor Swift ,Lavender Haze,68,31,2,(x14),7644139,83226296,Lavender Haze,Taylor Swift,1,2022,10,21,3763,8,488386797,51,43,38,10,1,97,A#,Major,73,10,44,26,0,16,8,https://i.scdn.co/image/ab67616d0000b273bb54dde68cd23e2a268ae0f5
181,Billie Eilish ,Happier Than Ever,459,30,3,(x12),1688659,207031225,Happier Than Ever,Billie Eilish,1,2021,7,30,8476,0,1056760045,138,133,283,0,,65,,Major,31,31,24,76,0,14,4,https://i.scdn.co/image/ab67616d0000b2732a038d3bf875d23e4aeaa84e
284,Giveon ,HEARTBREAK ANNIVERSARY,371,30,8,0,950623,162181516,HEARTBREAK ANNIVERSARY,Giveon,1,2020,2,21,5398,4,951637566,111,127,210,0,37,129,,Major,61,59,46,56,0,13,5,https://i.scdn.co/image/ab67616d0000b2733317fc12f8b9a9a0b8459766
664,Taylor Swift ,Midnight Rain,68,30,3,(x14),5987889,79514355,Midnight Rain,Taylor Swift,1,2022,10,21,2612,4,433356509,19,29,21,0,0,140,,Major,64,18,37,72,0,12,7,https://i.scdn.co/image/ab67616d0000b273bb54dde68cd23e2a268ae0f5
299,The Chainsmokers ,Something Just Like This,364,29,2,(x2),1478265,156839599,Something Just Like This,"The Chainsmokers, Coldplay",2,2017,2,22,23375,21,2204080728,336,188,"2,692",3,30,103,B,Minor,61,47,65,3,0,17,4,https://i.scdn.co/image/ab67616d0000b2730c13d3d5a503c84fcc60ae94
334,Harry Styles ,Late Night Talking,219,29,2,(x10),3721821,144096811,Late Night Talking,Harry Styles,1,2022,5,20,7461,8,743693613,166,42,199,16,58,115,A#,Major,71,90,73,30,0,11,5,https://i.scdn.co/image/ab67616d0000b2732e8ed79e177ff6011076f5f0
418,Doja Cat ,Vegas (From the Original Motion Picture Soundtrack ELVIS),234,29,7,0,922178,121176458,Vegas (From the Original Motion Picture Soundtrack ELVIS),Doja Cat,1,2022,5,6,4576,0,448500832,79,13,93,0,17,160,G#,Minor,80,74,60,8,0,14,26,https://i.scdn.co/image/ab67616d0000b273cada88daf56a282fb18ecf7f
478,Olivia Rodrigo ,happier,228,29,5,0,2279399,109009363,happier,Olivia Rodrigo,1,2021,5,21,3069,4,850608354,25,46,105,0,45,169,F#,Major,39,36,45,81,0,8,13,https://i.scdn.co/image/ab67616d0000b273a91c10fe9472d9bd89802e5a
155,Doja Cat ,Woman,489,26,7,0,864796,232370353,Woman,Doja Cat,1,2021,6,25,9424,0,1329090101,202,50,463,4,,108,F,Minor,82,88,76,9,0,12,9,https://i.scdn.co/image/ab67616d0000b273be841ba4bc24340152e3a79a
226,Ariana Grande ,Santa Tell Me,348,26,5,0,2847060,182490361,Santa Tell Me,Ariana Grande,1,2013,12,13,9408,0,834129063,231,106,439,0,,133,G,Major,46,53,63,5,0,30,18,https://i.scdn.co/image/ab67616d0000b273fb704b7e832b40f08c14629c
727,Taylor Swift ,Maroon,67,26,3,(x1),6847851,72491704,Maroon,Taylor Swift,1,2022,10,21,2304,0,317726339,12,16,14,0,0,108,G,Major,64,4,40,6,0,10,6,https://i.scdn.co/image/ab67616d0000b273bb54dde68cd23e2a268ae0f5
1593,Bad Bunny ,Dakiti,28,26,1,(x1),1205178,28652215,Dakiti,"Bad Bunny, Jhay Cortez",2,2020,10,30,11215,21,1763363713,189,166,525,9,25,110,E,Minor,73,14,57,40,0,11,5,https://i.scdn.co/image/ab67616d0000b27334c8199b0b3b3fb42b8a98a8
647,Bruno Mars ,Smokin Out The Window,167,25,1,(x3),1963589,82228168,Smokin Out The Window,"Bruno Mars, Anderson .Paak, Silk Sonic",3,2021,11,5,4963,0,383550148,63,40,76,0,0,82,D,Major,63,85,62,6,0,35,4,https://i.scdn.co/image/ab67616d0000b273fcf75ead8a32ac0020d2ce86
523,Taylor Swift ,All Too Well (10 Minute Version) (Taylor's Version) (From The Vault),205,24,1,(x9),3490740,100920020,All Too Well (10 Minute Version) (Taylor's Version) (From The Vault),Taylor Swift,1,2021,11,12,4635,5,583687007,50,49,30,1,2,93,,Major,63,21,52,28,0,9,3,https://i.scdn.co/image/ab67616d0000b273318443aab3531a0558e79a4d
123,Tones And I ,Dance Monkey,539,23,6,0,1022885,256274759,Dance Monkey,Tones and I,1,2019,5,10,24529,0,2864791672,533,167,"3,595",6,,98,F#,Minor,82,54,59,69,0,18,10,https://i.scdn.co/image/ab67616d0000b273c6f7af36ecdc3ed6e0a1f169
290,Lil Nas X ,THATS WHAT I WANT,358,23,2,(x1),1896424,160369392,THATS WHAT I WANT,Lil Nas X,1,2021,9,17,7963,0,920797189,173,7,298,0,4,88,C#,Minor,74,55,85,1,0,5,22,https://i.scdn.co/image/ab67616d0000b273be82673b5f79d9658ec0a9fd
987,Jack Harlow ,Nail Tech,110,23,2,(x2),1135997,52488297,Nail Tech,Jack Harlow,1,2022,2,18,2939,0,193443895,42,0,24,0,0,150,E,Minor,65,11,58,0,0,12,9,https://i.scdn.co/image/ab67616d0000b273ddd85c9c585e663fc5431c2a
220,The Weeknd ,Call Out My Name,471,21,1,(x6),3490888,185191010,Call Out My Name,The Weeknd,1,2018,3,29,11087,6,1449799467,151,107,801,1,105,134,C#,Major,45,17,60,21,0,33,4,https://i.scdn.co/image/ab67616d0000b2731f6a2a40bb692936879db730
399,THE ANXIETY ,Meet Me At Our Spot,281,21,8,0,852099,126861687,Meet Me At Our Spot,"THE ANXIETY, Willow, Tyler Cole",3,2020,3,13,6734,0,530511203,47,14,90,0,1,95,D,Major,77,40,47,2,0,9,3,https://i.scdn.co/image/ab67616d0000b273024ea7e883a713a3ad552a71
767,Taylor Swift ,Karma,67,21,4,0,5182717,68987192,Karma,Taylor Swift,1,2022,10,21,3818,23,404562836,37,55,32,0,272,90,G#,Major,64,10,62,7,0,48,7,https://i.scdn.co/image/ab67616d0000b273bb54dde68cd23e2a268ae0f5
786,Taylor Swift ,Lover,129,21,1,(x7),2639428,67263883,Lover,Taylor Swift,1,2012,1,1,8448,23,882831184,160,110,163,0,5,206,G,Major,43,50,55,50,0,15,10,https://i.scdn.co/image/ab67616d0000b273e787cffec20aa2a396a61647
1235,Metro Boomin ,Creepin',27,21,1,(x6),2132501,40029650,Creepin',"The Weeknd, 21 Savage, Metro Boomin",3,2022,12,2,6036,88,843957510,113,149,245,23,27,98,C#,Minor,71,17,61,36,0,8,5,https://i.scdn.co/image/ab67616d0000b273703d523982199b2d1f2c77f5
323,Zach Bryan ,Something in the Orange,251,20,4,0,992100,146934063,Something in the Orange,Zach Bryan,1,2022,4,22,3282,12,449701773,67,84,46,16,117,110,G,Major,59,22,38,42,0,12,3,https://i.scdn.co/image/ab67616d0000b273b2b6670e3aca9bcd55fbabbb
389,NEIKED ,Better Days (NEIKED x Mae Muller x Polo G),321,20,6,0,883029,129400161,Better Days (NEIKED x Mae Muller x Polo G),"NEIKED, Mae Muller, Polo G",3,2021,9,24,4091,0,421040617,105,2,73,13,1,110,,Minor,72,67,68,0,0,14,4,https://i.scdn.co/image/ab67616d0000b2736b742298f7f36717855c4caf
111,Harry Styles ,Adore You,633,18,1,(x1),1809594,264055553,Adore You,Harry Styles,1,2019,12,6,13454,1,1439191367,246,71,519,2,5,99,G#,Major,68,57,77,2,0,10,5,https://i.scdn.co/image/ab67616d0000b27377fdcfda6535601aff081b6a
776,Taylor Swift ,"You're On Your Own, Kid",67,18,5,0,6074375,68091952,"You're On Your Own, Kid",Taylor Swift,1,2022,10,21,2537,2,348647203,8,18,20,0,1,120,D,Major,69,40,39,41,0,13,6,https://i.scdn.co/image/ab67616d0000b2737dca066ca62e4ebb583b8058
811,Taylor Swift ,Bejeweled,67,18,8,0,5096200,64685828,Bejeweled,Taylor Swift,1,2022,10,21,2699,0,328207708,39,35,22,2,0,164,G,Major,70,39,56,6,0,9,7,https://i.scdn.co/image/ab67616d0000b273bb54dde68cd23e2a268ae0f5
825,Lil Uzi Vert ,Just Wanna Rock,73,18,5,0,1030822,64099524,Just Wanna Rock,Lil Uzi Vert,1,2022,10,17,3995,13,457184829,72,27,47,0,0,150,B,Major,49,4,55,7,0,6,3,https://i.scdn.co/image/ab67616d0000b273438799bc344744c12028bb0f
1029,SZA ,Kill Bill,20,18,1,(x16),2976280,49884805,Kill Bill,SZA,1,2022,12,8,8109,77,1163093654,183,162,161,12,187,89,G#,Major,64,43,73,5,17,16,4,https://i.scdn.co/image/ab67616d0000b2730c471c36970b9406233842a5
293,Maroon 5 ,Memories,372,17,6,0,1118361,159686092,Memories,Maroon 5,1,2019,9,20,9974,2,1759567999,272,67,"1,066",1,19,91,B,Major,77,60,32,84,0,8,5,https://i.scdn.co/image/ab67616d0000b27386a8ab515de4b7aef28cd631
333,Bing Crosby ,White Christmas,280,17,1,(x1),2836396,144606354,White Christmas,"Bing Crosby, John Scott Trotter & His Orchestra, Ken Darby Singers",3,1942,1,1,11940,0,395591396,73,79,123,0,0,96,A,Major,23,19,25,91,0,40,3,https://i.scdn.co/image/ab67616d0000b273481bb0db1e8bd0c7104368a4
372,Bad Bunny ,Efecto,236,16,9,0,1315548,134743830,Efecto,Bad Bunny,1,2022,5,6,4004,33,1047480053,34,65,43,6,2,98,G,Minor,80,23,48,14,0,6,5,https://i.scdn.co/image/ab67616d0000b27349d694203245f241a1bcaa72
922,The Weeknd ,After Hours,102,16,2,(x7),2309285,57062099,After Hours,The Weeknd,1,2020,2,19,8084,6,698086140,45,115,218,1,221,109,F,Minor,66,16,57,10,1,12,3,https://i.scdn.co/image/ab67616d0000b27360884bc925e0ca47e8006996
773,Taylor Swift ,cardigan,152,15,1,(x6),3937822,68550662,cardigan,Taylor Swift,1,2020,7,24,7923,29,812019557,106,112,142,4,215,130,,Minor,61,53,58,55,0,27,4,https://i.scdn.co/image/ab67616d0000b27395f754318336a07e85ec59bc
375,Bad Bunny ,Yonaguni,347,14,3,(x2),1727530,133665412,Yonaguni,Bad Bunny,1,2021,6,4,9644,28,1260594497,120,86,164,4,0,180,C#,Major,64,44,65,28,0,14,12,https://i.scdn.co/image/ab67616d0000b27364afd6879102d03460bd3ad9
384,BTS ,Dynamite,332,14,3,(x3),1824254,131917493,Dynamite,BTS,1,2020,8,21,8528,5,1692897992,239,163,583,0,,114,F#,Minor,75,74,77,1,0,9,10,https://i.scdn.co/image/ab67616d0000b273c07d5d2fdc02ae252fcd07e5
867,Harry Styles ,Matilda,142,14,3,(x4),2881699,60459436,Matilda,Harry Styles,1,2022,5,20,3218,3,366214458,29,10,79,0,0,114,D,Major,51,39,29,90,0,10,4,https://i.scdn.co/image/ab67616d0000b2732e8ed79e177ff6011076f5f0
912,Harry Styles ,Music For a Sushi Restaurant,114,14,3,(x3),3399921,57916775,Music For a Sushi Restaurant,Harry Styles,1,2022,5,20,4449,1,334733572,80,11,66,0,1,107,B,Major,72,36,72,26,6,11,4,https://i.scdn.co/image/ab67616d0000b2732e8ed79e177ff6011076f5f0
166,Conan Gray ,Heather,647,13,8,0,888848,222474626,Heather,Conan Gray,1,2020,3,20,6170,7,1301799902,82,1,231,0,2,92,F,Major,47,25,43,62,0,32,3,https://i.scdn.co/image/ab67616d0000b27388e3cda6d29b2552d4d6bc43
331,Doja Cat ,You Right,386,13,4,0,1574035,144688259,You Right,"Doja Cat, The Weeknd",2,2021,6,24,5073,0,672656250,83,9,100,0,4,129,G#,Major,83,44,62,2,0,8,6,https://i.scdn.co/image/ab67616d0000b273be841ba4bc24340152e3a79a
620,SZA ,I Hate U,175,13,1,(x6),1615102,85718549,I Hate U,SZA,1,2021,12,3,4094,0,356709897,66,96,43,0,0,107,G,Minor,54,41,39,51,0,11,16,https://i.scdn.co/image/ab67616d0000b27370dbc9f47669d120ad874ec1
1001,Harry Styles ,Daylight,113,13,5,0,2833429,51560617,,,,,,,,,,,,,,,,,,,,,,,,,
245,Sleepy Hallow ,2055,454,12,7,0,826350,176244822,2055,Sleepy hallow,1,2021,4,14,2226,0,624515457,29,0,44,0,0,161,F#,Minor,78,65,52,46,0,12,31,https://i.scdn.co/image/ab67616d0000b27378376f650afd63698b82e4b1
1144,Drake ,Major Distribution,53,12,2,(x4),4577550,43686889,Major Distribution,"Drake, 21 Savage",2,2022,11,4,1545,0,154863153,22,7,15,0,0,131,G#,Minor,91,23,55,1,0,7,32,https://i.scdn.co/image/ab67616d0000b27302854a7060fccc1a66a4b5ad
1534,The Weeknd ,Sacrifice,66,12,1,(x2),1950078,29954189,Sacrifice,The Weeknd,1,2022,1,7,4440,0,326792833,81,77,133,0,,122,G,Major,70,91,79,3,0,7,10,https://i.scdn.co/image/ab67616d0000b2731c7942eac1aece801758fccf
391,Bad Bunny ,Moscow Mule,219,11,1,(x1),2582359,128972121,Moscow Mule,Bad Bunny,1,2022,5,6,4572,33,909001996,74,113,85,9,2,100,F,Minor,80,29,67,29,0,12,3,https://i.scdn.co/image/ab67616d0000b27349d694203245f241a1bcaa72
938,Taylor Swift ,Vigilante Shit,56,11,7,0,5696233,56313777,Vigilante Shit,Taylor Swift,1,2022,10,21,1948,0,253650850,12,9,16,0,0,80,E,Minor,80,16,28,17,0,12,39,https://i.scdn.co/image/ab67616d0000b273bb54dde68cd23e2a268ae0f5
1427,Metro Boomin ,Superhero (Heroes & Villains) [with Future & Chris Brown],27,11,1,(x1),1773679,33127276,Superhero (Heroes & Villains) [with Future & Chris Brown],"Future, Chris Brown, Metro Boomin",3,2022,12,2,2959,16,401036314,41,69,38,0,36,117,F,Minor,72,45,59,14,0,20,21,https://i.scdn.co/image/ab67616d0000b27313e54d6687e65678d60466c2
1015,The Weeknd ,Take My Breath,116,10,3,(x1),1723476,50769835,,,,,,,,,,,,,,,,,,,,,,,,,
1738,SZA ,Nobody Gets Me,20,10,3,(x5),2409644,24880624,Nobody Gets Me,SZA,1,2022,12,9,2536,6,284908316,59,100,58,13,2,100,G,Major,36,28,28,81,0,18,3,https://i.scdn.co/image/ab67616d0000b27370dbc9f47669d120ad874ec1
443,Kelly Clarkson ,Underneath the Tree,202,9,8,0,2346598,115764085,Underneath the Tree,Kelly Clarkson,1,2013,10,25,6596,0,485285717,144,99,251,0,0,160,G#,Major,51,69,81,0,0,21,5,https://i.scdn.co/image/ab67616d0000b273f54a315f1d2445791fe601a7
1241,Drake ,On BS,53,9,3,(x1),4212752,39870499,On BS,"Drake, 21 Savage",2,2022,11,4,1338,0,170413877,9,20,7,0,0,158,A,Major,84,33,36,2,0,39,59,https://i.scdn.co/image/ab67616d0000b27302854a7060fccc1a66a4b5ad
1847,Lil Yachty ,Poland,48,9,4,0,1023054,22860561,Poland,Lil Yachty,1,2022,6,23,1584,0,115331792,38,0,24,0,0,150,F,Minor,70,26,56,14,83,11,5,https://i.scdn.co/image/ab67616d0000b273615d6910181bc514d4c4b011
363,Frank Sinatra ,Let It Snow! Let It Snow! Let It Snow!,305,8,8,0,2646892,136448853,,,,,,,,,,,,,,,,,,,,,,,,,
373,The Weeknd ,Save Your Tears,327,8,2,(x1),1723905,134482363,Save Your Tears,The Weeknd,1,2020,3,20,12688,13,1591223784,197,115,112,0,200,118,,Major,68,61,82,2,0,50,3,https://i.scdn.co/image/ab67616d0000b2738863bc11d2aa12b54f5aeb36
597,JVKE ,golden hour,128,8,9,0,951092,89077530,golden hour,JVKE,1,2022,7,15,4511,36,751134527,70,58,109,18,230,94,C#,Minor,51,14,59,65,18,25,3,https://i.scdn.co/image/ab67616d0000b273c2504e80ba2f258697ab2954
1022,Lauren Spencer Smith ,Fingers Crossed,121,8,2,(x1),1182298,50353213,Fingers Crossed,"Lauren Spencer Smith, Lauren Spencer Smith, Lauren Spencer Smith",3,2022,1,5,2235,0,349585590,65,7,70,16,6,109,F,Major,60,45,47,62,0,31,5,https://i.scdn.co/image/ab67616d0000b273270a1c7644ec5a23c7d05272
1368,Harry Styles ,Little Freak,67,8,5,0,2785290,35042124,Little Freak,Harry Styles,1,2022,5,20,2302,0,273194684,20,3,39,0,0,142,D#,Major,56,40,54,72,0,10,4,https://i.scdn.co/image/ab67616d0000b2732e8ed79e177ff6011076f5f0
1441,Harry Styles ,Grapejuice,56,8,4,0,3003406,32762005,Grapejuice,Harry Styles,1,2022,5,20,1986,0,199587884,7,1,15,0,0,183,F,Major,65,88,72,36,14,20,3,https://i.scdn.co/image/ab67616d0000b2732e8ed79e177ff6011076f5f0
1609,Juice WRLD ,Cigarettes,68,8,2,(x2),1182490,28338245,Cigarettes,Juice WRLD,1,2021,12,10,975,0,185408548,11,0,10,0,0,160,D,Major,60,47,62,3,0,38,4,https://i.scdn.co/image/ab67616d0000b2737459992b444de38842b9bee7
1834,SZA ,Low,20,8,4,0,2331692,23181366,Low,SZA,1,2022,12,9,1911,0,272377463,23,71,14,0,9,145,,Minor,70,34,55,43,0,16,6,https://i.scdn.co/image/ab67616d0000b27370dbc9f47669d120ad874ec1
271,Lady Gaga ,Shallow,403,7,6,0,1310071,167883840,Shallow,"Lady Gaga, Bradley Cooper",2,2018,9,27,16636,12,2159346687,368,155,"2,854",6,121,96,G,Major,57,30,40,38,0,26,3,https://i.scdn.co/image/ab67616d0000b273e2d156fdc691f57900134342
479,Dean Martin ,Let It Snow! Let It Snow! Let It Snow!,187,7,7,0,3413764,108868445,,,,,,,,,,,,,,,,,,,,,,,,,
565,Future ,PUFFIN ON ZOOTIEZ,225,7,4,0,1417345,94325787,PUFFIN ON ZOOTIEZ,Future,1,2022,4,29,2350,0,254218729,28,42,23,0,0,125,G#,Major,88,28,66,6,0,13,31,https://i.scdn.co/image/ab67616d0000b27386badd635b69aea887862214
764,Kendrick Lamar ,N95,137,7,1,(x6),4972590,69261483,N95,Kendrick Lamar,1,2022,5,13,5542,0,301242089,52,16,65,0,206,140,D#,Minor,81,39,66,38,0,12,14,https://i.scdn.co/image/ab67616d0000b2732e02117d76426a08ac7c174f
878,The Weeknd ,Reminder,245,7,9,0,895385,59620662,Reminder,The Weeknd,1,2016,11,25,6518,17,684675814,45,85,238,1,47,160,G#,Major,71,40,50,16,0,16,22,https://i.scdn.co/image/ab67616d0000b2734718e2b124f79258be7bc452
965,Taylor Swift ,august,146,7,6,0,2840040,54625767,august,Taylor Swift,1,2020,7,24,7324,22,607123776,25,81,61,1,44,90,F,Major,51,42,61,53,0,9,3,https://i.scdn.co/image/ab67616d0000b27395f754318336a07e85ec59bc
999,Taylor Swift ,Question...?,49,7,8,0,5519609,51647553,Question...?,Taylor Swift,1,2022,10,21,1608,0,223064273,10,3,12,0,0,109,G,Major,75,11,50,20,0,30,17,https://i.scdn.co/image/ab67616d0000b273bb54dde68cd23e2a268ae0f5
1043,Kendrick Lamar ,Die Hard,107,7,2,(x3),3909587,49248636,Die Hard,"Kendrick Lamar, Blxst, Amanda Reifer",3,2022,5,13,4627,0,237351106,38,13,32,0,0,101,C#,Minor,78,40,74,36,0,17,27,https://i.scdn.co/image/ab67616d0000b2732e02117d76426a08ac7c174f
1134,Taylor Swift ,Cruel Summer,126,7,3,(x1),2277951,44160627,Cruel Summer,Taylor Swift,1,2019,8,23,7858,100,800840817,116,207,125,12,548,170,A,Major,55,58,72,11,0,11,15,https://i.scdn.co/image/ab67616d0000b273e787cffec20aa2a396a61647
1138,Adele ,Oh My God,100,7,2,(x2),2315914,44008064,Oh My God,Adele,1,2021,11,19,4431,0,466214729,105,7,199,0,0,88,C#,Major,53,55,73,9,0,3,5,https://i.scdn.co/image/ab67616d0000b273c6b577e4c4a6d326354a89f7
1371,Drake ,Spin Bout U,53,7,5,0,3619172,34999036,Spin Bout U,"Drake, 21 Savage",2,2022,11,4,1652,2,198365537,26,52,10,0,95,130,G,Major,77,20,70,1,0,16,5,https://i.scdn.co/image/ab67616d0000b27302854a7060fccc1a66a4b5ad
1439,The Kid LAROI ,Thousand Miles,96,7,3,(x1),950356,32849517,Thousand Miles,The Kid Laroi,1,2022,4,22,2050,0,244741137,52,9,46,0,1,81,G,Major,38,20,66,9,0,9,8,https://i.scdn.co/image/ab67616d0000b27386322307ddfb6e9c87b82d39
1890,SZA ,Blind,20,7,4,0,2346183,22030589,Blind,SZA,1,2022,12,9,1484,0,163284000,22,51,12,0,0,114,A,Minor,46,60,28,91,0,21,4,https://i.scdn.co/image/ab67616d0000b27370dbc9f47669d120ad874ec1
4,J. Cole ,No Role Modelz,2547,6,7,0,659366,734857487,No Role Modelz,J. Cole,1,2014,12,9,21164,36,1791000570,80,65,476,0,14,100,A#,Minor,70,47,52,30,0,6,33,https://i.scdn.co/image/ab67616d0000b273c6e0948bbb0681ff29cdbae8
258,Ed Sheeran ,Shivers,399,6,6,0,980767,173225595,Shivers,Ed Sheeran,1,2021,9,9,10147,30,1302184087,234,71,543,18,,141,D,Major,79,82,86,28,0,4,9,https://i.scdn.co/image/ab67616d0000b273ef24c3fdbf856340d55cfeb2
343,Morgan Wallen ,You Proof,230,6,9,0,1723507,141716685,You Proof,Morgan Wallen,1,2022,5,13,2128,9,367814306,37,88,9,0,14,120,A,Major,73,64,85,25,0,61,3,https://i.scdn.co/image/ab67616d0000b273705079df9a25a28b452c1fc9
541,Bad Bunny ,Party,192,6,7,0,1576377,97935403,Party,"Bad Bunny, Rauw Alejandro",2,2022,5,6,3185,4,614555082,38,64,37,3,36,97,A,Major,83,47,80,2,0,24,9,https://i.scdn.co/image/ab67616d0000b27349d694203245f241a1bcaa72
953,Megan Thee Stallion ,Sweetest Pie,169,6,2,(x1),936045,55276845,Sweetest Pie,"Dua Lipa, Megan Thee Stallion",2,2022,3,11,3501,0,299634472,69,2,51,11,0,124,G,Major,81,68,63,17,0,10,22,Not Found
983,SZA ,Shirt,62,6,8,0,1930964,53203148,Shirt,SZA,1,2022,10,28,3469,0,309653982,71,95,31,0,2,120,D#,Minor,82,55,45,15,3,9,10,https://i.scdn.co/image/ab67616d0000b27370dbc9f47669d120ad874ec1
1180,Harry Styles ,Satellite,98,6,8,0,2309793,42239560,Satellite,Harry Styles,1,2022,5,20,3291,5,311482393,43,28,79,0,208,139,,Major,58,30,46,14,0,9,3,https://i.scdn.co/image/ab67616d0000b2732e8ed79e177ff6011076f5f0
1274,Drake ,Sticky,92,6,4,0,2729748,38564856,Sticky,Drake,1,2022,6,17,2814,0,191448892,38,105,25,0,2,137,A#,Minor,88,8,49,9,0,9,14,https://i.scdn.co/image/ab67616d0000b2738dc0d801766a5aa6a33cbe37
1556,Drake ,Circo Loco,41,6,5,0,3373090,29464494,Circo Loco,"Drake, 21 Savage",2,2022,11,4,1794,0,141720999,26,9,17,0,3,104,C#,Major,73,25,61,1,0,32,7,https://i.scdn.co/image/ab67616d0000b27302854a7060fccc1a66a4b5ad
1627,Kendrick Lamar ,Silent Hill,55,6,5,0,2968531,27800753,Silent Hill,"Kendrick Lamar, Kodak Black",2,2022,5,13,3028,0,123216717,22,0,23,0,0,140,C#,Minor,92,78,57,46,0,14,9,https://i.scdn.co/image/ab67616d0000b2732e02117d76426a08ac7c174f
1716,Harry Styles ,Cinema,43,6,8,0,2518332,25457307,Cinema,Harry Styles,1,2022,5,20,2171,0,189236868,18,1,28,0,0,106,A,Minor,83,90,64,35,5,9,4,https://i.scdn.co/image/ab67616d0000b2732e8ed79e177ff6011076f5f0
1720,Drake ,Privileged Rappers,32,6,6,0,3605227,25413982,Privileged Rappers,"Drake, 21 Savage",2,2022,11,4,1007,0,112436403,6,5,3,0,0,144,F,Major,93,62,61,0,0,12,20,https://i.scdn.co/image/ab67616d0000b27302854a7060fccc1a66a4b5ad
2002,Metro Boomin ,Niagara Falls (Foot or 2) [with Travis Scott & 21 Savage],27,6,5,0,1309159,20161884,Niagara Falls (Foot or 2) [with Travis Scott & 21 Savage],"Travis Scott, 21 Savage, Metro Boomin",3,2022,12,2,1602,0,195516622,12,22,12,0,2,88,G,Minor,49,24,66,19,0,18,29,https://i.scdn.co/image/ab67616d0000b27313e54d6687e65678d60466c2
2060,The Weeknd ,Out of Time,43,6,4,0,1529269,19142162,Out of Time,The Weeknd,1,2022,1,7,3711,0,339659802,49,88,62,0,,93,,Minor,65,82,74,27,0,32,5,https://i.scdn.co/image/ab67616d0000b2734ab2520c2c77a1d66b9ee21d
2156,The Weeknd ,Is There Someone Else?,37,6,3,(x1),1511028,17569511,Is There Someone Else?,The Weeknd,1,2022,1,7,2881,6,391251368,13,89,34,0,3,135,A,Minor,70,60,58,4,0,16,3,https://i.scdn.co/image/ab67616d0000b2734ab2520c2c77a1d66b9ee21d
112,Imagine Dragons ,Believer,745,5,9,0,898836,263375966,Believer,Imagine Dragons,1,2017,1,31,18986,23,2594040133,250,121,"2,969",10,31,125,A#,Minor,77,74,78,4,0,23,11,https://i.scdn.co/image/ab67616d0000b2735675e83f707f1d7271e5cf8a
680,Kanye West ,Praise God,213,5,6,0,2438681,78568531,Praise God,Kanye West,1,2021,8,29,4651,0,376333030,24,6,105,0,0,118,C#,Major,80,21,55,1,0,26,17,https://i.scdn.co/image/ab67616d0000b273cad190f1a73c024e5a40dddd
829,The Weeknd ,I Was Never There,185,5,5,0,2082119,63562499,I Was Never There,"The Weeknd, Gesaffelstein",2,2018,3,29,4188,15,705469769,30,70,142,0,27,114,A#,Major,32,17,74,14,0,17,3,https://i.scdn.co/image/ab67616d0000b2731f6a2a40bb692936879db730
1191,Pharrell Williams ,Cash In Cash Out,104,5,5,0,1093794,41935196,Cash In Cash Out,"Pharrell Williams, Tyler, The Creator, 21 Savage",4,2022,6,10,2313,0,136676504,34,0,29,0,0,120,G,Major,88,15,56,1,0,8,6,https://i.scdn.co/image/ab67616d0000b2738f0df54fd6043164d7c07ae3
1408,Gesaffelstein ,Lost in the Fire,86,5,7,0,1238188,33729127,Lost in the Fire,"The Weeknd, Gesaffelstein",2,2019,1,11,7731,2,686734357,110,145,447,0,46,101,D,Major,66,18,68,9,0,12,4,https://i.scdn.co/image/ab67616d0000b273030e6a4145500730450e8794
1614,Harry Styles ,Keep Driving,53,5,9,0,2312194,28086134,Keep Driving,Harry Styles,1,2022,5,20,2094,1,236060709,8,1,18,0,0,165,A,Major,72,90,48,32,0,18,23,https://i.scdn.co/image/ab67616d0000b2732e8ed79e177ff6011076f5f0
1978,Kendrick Lamar ,United In Grief,28,5,2,(x1),4547415,20593251,United In Grief,Kendrick Lamar,1,2022,5,13,2575,0,156898322,4,5,12,0,51,87,G#,Major,52,32,83,24,0,17,43,https://i.scdn.co/image/ab67616d0000b2732e02117d76426a08ac7c174f
2132,BLACKPINK ,Shut Down,42,5,3,(x1),1037386,17980146,Shut Down,BLACKPINK,1,2022,9,16,1524,17,482175240,53,120,62,0,2,110,,Major,82,67,69,0,0,18,4,https://i.scdn.co/image/ab67616d0000b273002ef53878df1b4e91c15406
2321,Yahritza Y Su Esencia ,Soy El Unico,43,5,4,0,687505,15287635,Soy El Unico,Yahritza Y Su Esencia,1,2022,3,25,226,0,126443991,5,0,4,0,1,84,E,Minor,71,63,45,45,0,11,3,https://i.scdn.co/image/ab67616d0000b273ab621620bbfb20009cdc855e
2557,Nicki Minaj ,Do We Have A Problem?,30,5,4,0,1014479,12748587,Do We Have A Problem?,"Nicki Minaj, Lil Baby",2,2022,2,4,1064,0,81350745,42,1,26,0,0,120,C#,Minor,84,54,51,47,0,12,40,https://i.scdn.co/image/ab67616d0000b2737df334f26d1e55dfba843463
277,Justin Bieber ,Ghost,399,4,9,0,895735,163964781,Ghost,Justin Bieber,1,2021,3,19,5866,24,1167330737,107,38,95,0,,154,D,Major,61,41,74,21,0,40,6,https://i.scdn.co/image/ab67616d0000b273e6f407c7f3a0ec98845e4431
493,Olivia Rodrigo ,"jealousy, jealousy",256,4,9,0,1994138,106842027,"jealousy, jealousy",Olivia Rodrigo,1,2021,5,21,3257,0,665765558,10,0,70,0,0,164,A#,Minor,70,71,58,24,0,7,13,https://i.scdn.co/image/ab67616d0000b273a91c10fe9472d9bd89802e5a
1620,Kendrick Lamar ,Rich Spirit,52,4,6,0,3239784,27912896,Rich Spirit,Kendrick Lamar,1,2022,5,13,3486,0,173702135,20,10,33,0,0,96,A#,Minor,85,41,43,39,0,12,21,https://i.scdn.co/image/ab67616d0000b2732e02117d76426a08ac7c174f
1773,Dr. Dre ,Still D.R.E.,76,4,2,(x1),1040389,24393361,Still D.R.E.,"Dr. Dre, Snoop Dogg",2,1999,1,1,33966,0,1210599487,141,78,"6,591",1,0,93,B,Major,81,53,78,18,0,6,24,https://i.scdn.co/image/ab67616d0000b2739b19c107109de740bad72df5
1781,Drake ,Broke Boys,34,4,10,0,2927622,24244407,Broke Boys,"Drake, 21 Savage",2,2022,11,4,1060,0,106249219,3,8,5,0,0,120,D,Major,64,11,53,1,0,25,27,https://i.scdn.co/image/ab67616d0000b27302854a7060fccc1a66a4b5ad
1810,BLACKPINK ,Pink Venom,49,4,6,0,1038802,23680687,Pink Venom,BLACKPINK,1,2022,8,19,1963,16,551305895,57,119,77,1,13,90,,Major,80,71,69,2,0,27,10,https://i.scdn.co/image/ab67616d0000b273002ef53878df1b4e91c15406
1917,Drake ,BackOutsideBoyz,27,4,7,0,3519029,21482496,BackOutsideBoyz,Drake,1,2022,11,4,1045,0,93367537,8,5,2,0,0,142,F,Minor,85,40,43,4,0,39,32,https://i.scdn.co/image/ab67616d0000b27302854a7060fccc1a66a4b5ad
2024,Lil Tjay ,In My Head,49,4,3,(x1),843328,19701989,In My Head,Lil Tjay,1,2022,4,1,1185,0,190981339,21,0,31,0,0,143,C#,Major,68,41,55,16,0,10,12,https://i.scdn.co/image/ab67616d0000b2731e6a9d4ce04b67a455ed6b8c
2235,Fivio Foreign ,City of Gods,44,4,2,(x1),1126655,16384588,City of Gods,"Kanye West, Alicia Keys, Fivio Foreign",3,2022,2,11,2096,0,107255472,34,3,30,0,0,147,G#,Minor,47,50,80,10,0,32,38,Not Found
2273,Kendrick Lamar ,Count Me Out,26,4,9,0,2825217,15913311,Count Me Out,Kendrick Lamar,1,2022,5,13,2729,0,126191104,3,7,13,0,1,134,G,Major,78,51,43,69,0,14,9,https://i.scdn.co/image/ab67616d0000b2732e02117d76426a08ac7c174f
2592,The Weeknd ,Gasoline,24,4,2,(x1),1841998,12486527,Gasoline,The Weeknd,1,2022,1,7,2297,0,116903579,11,29,14,0,0,123,F#,Minor,74,35,73,0,0,21,5,https://i.scdn.co/image/ab67616d0000b2734ab2520c2c77a1d66b9ee21d
2643,Marshmello ,Bye Bye,24,4,3,(x1),1125270,11961354,Bye Bye,"Marshmello, Juice WRLD",2,2022,10,14,766,0,84697729,16,0,9,0,0,83,D#,Minor,65,24,53,6,0,51,4,https://i.scdn.co/image/ab67616d0000b2734204e8bad640cf32eca876a5
2847,The Weeknd ,How Do I Make You Love Me?,19,4,4,0,1735277,10150923,How Do I Make You Love Me?,The Weeknd,1,2022,1,7,1915,0,119238316,7,47,15,0,0,121,G,Minor,80,62,51,2,0,9,8,https://i.scdn.co/image/ab67616d0000b2734ab2520c2c77a1d66b9ee21d
2882,Kendrick Lamar ,The Heart Part 5,12,4,1,(x2),2485132,9913441,The Heart Part 5,Kendrick Lamar,1,2022,5,8,2939,0,71423324,29,0,30,0,0,98,G#,Minor,76,79,81,18,0,6,34,https://i.scdn.co/image/ab67616d0000b27389877ffdd584dc9b7168044b
356,Harry Styles ,Falling,501,3,4,0,1454982,138072456,Falling,Harry Styles,1,2019,12,13,7556,0,1023187129,124,24,254,0,8,110,E,Major,57,6,27,84,0,9,3,https://i.scdn.co/image/ab67616d0000b27377fdcfda6535601aff081b6a
869,Bad Bunny ,Un Ratito,154,3,9,0,1731264,60425066,Un Ratito,Bad Bunny,1,2022,5,6,1112,6,417230415,7,30,13,1,1,93,,Minor,79,22,55,31,0,12,5,https://i.scdn.co/image/ab67616d0000b27349d694203245f241a1bcaa72
1404,Jack Harlow ,Dua Lipa,74,3,7,0,1762710,33818973,Dua Lipa,Jack Harlow,1,2022,5,6,1992,0,150500965,35,0,3,0,0,158,B,Major,83,41,65,0,10,11,8,https://i.scdn.co/image/ab67616d0000b2738e55edb69ca44a25b52b17bb
1802,Drake ,Massive,52,3,8,0,2163276,23891905,Massive,Drake,1,2022,6,17,5263,0,195628667,66,89,61,0,11,125,E,Minor,51,5,68,12,2,15,6,https://i.scdn.co/image/ab67616d0000b2738dc0d801766a5aa6a33cbe37
1893,Kanye West ,True Love,47,3,3,(x1),1505156,21916821,True Love,"Kanye West, XXXTENTACION",2,2022,5,27,2129,0,194902696,23,1,44,1,0,84,F,Minor,71,39,86,2,0,51,25,https://i.scdn.co/image/ab67616d0000b273f52f6a4706fea3bde44467c3
2105,SZA ,Seek & Destroy,20,3,4,0,2371458,18366062,Seek & Destroy,SZA,1,2022,12,9,1007,0,98709329,5,31,1,0,0,152,C#,Major,65,35,65,44,18,21,7,https://i.scdn.co/image/ab67616d0000b27370dbc9f47669d120ad874ec1
2303,Metro Boomin ,Raindrops (Insane) [with Travis Scott],25,3,8,0,1343967,15581236,Raindrops (Insane) [with Travis Scott],"Travis Scott, Metro Boomin",2,2022,12,2,880,0,110649992,3,7,10,0,0,112,G#,Major,80,15,54,9,0,38,5,Not Found
2493,Shawn Mendes ,When You're Gone,36,3,3,(x1),860263,13466685,When You're Gone,Shawn Mendes,1,2022,3,31,2092,0,255120451,75,11,44,0,14,147,F,Major,60,58,69,2,0,58,4,https://i.scdn.co/image/ab67616d0000b273dad0775943c1a826bfed3117
610,Dove Cameron ,Boyfriend,236,2,10,0,610722,86719217,Boyfriend,Dove Cameron,1,2022,2,11,3766,0,496311364,76,0,102,0,2,180,G,Minor,35,23,61,23,0,19,6,https://i.scdn.co/image/ab67616d0000b2730397f50cb9dc5393db5d08bc
704,Bad Bunny ,Tarot,172,2,10,0,1639773,74979912,Tarot,"Bad Bunny, Jhay Cortez",2,2022,5,6,2482,20,608228647,27,77,22,2,0,114,B,Minor,80,42,68,2,0,66,4,https://i.scdn.co/image/ab67616d0000b27349d694203245f241a1bcaa72
877,Charlie Puth ,Light Switch,180,2,6,0,859606,59716970,Light Switch,Charlie Puth,1,2022,1,19,4049,0,500340342,119,6,85,1,1,184,F#,Major,69,91,63,11,0,9,31,https://i.scdn.co/image/ab67616d0000b27335d2e0ed94a934f2cc46fa49
1680,Yeat ,Talk,65,2,7,0,815251,26406433,Talk,YEAT,1,2022,9,2,920,0,148461629,10,1,8,0,0,140,E,Minor,70,26,76,8,0,54,23,https://i.scdn.co/image/ab67616d0000b2737aee5b36a3a60ca926bc429b
1748,Harry Styles ,Daydreaming,43,2,9,0,2381025,24763267,Daydreaming,Harry Styles,1,2022,5,20,1900,1,187703102,15,1,23,0,0,114,E,Minor,71,90,81,31,2,13,3,https://i.scdn.co/image/ab67616d0000b2732e8ed79e177ff6011076f5f0
1818,Elton John ,Hold Me Closer,61,2,6,0,1024772,23512491,Hold Me Closer,"Elton John, Britney Spears",2,2017,11,10,4967,0,284216603,165,10,177,4,73,126,,Major,67,49,77,11,0,19,11,https://i.scdn.co/image/ab67616d0000b2735d872e7b0c1ba964541f07e8
1881,Taylor Swift ,Enchanted,57,2,8,0,784239,22145991,Enchanted,Taylor Swift,1,2010,1,1,4564,16,621660989,24,101,113,0,40,164,G#,Major,45,24,62,8,0,16,3,https://i.scdn.co/image/ab67616d0000b2730b04da4f224b51ff86e0a481
2130,SZA ,Love Language,20,2,7,0,2222880,17998659,Love Language,SZA,1,2022,12,9,1127,0,110849052,16,63,8,0,0,65,A,Minor,71,55,26,85,0,13,8,https://i.scdn.co/image/ab67616d0000b27370dbc9f47669d120ad874ec1
2590,Kendrick Lamar ,We Cry Together,16,2,7,0,3184449,12496748,We Cry Together,"Kendrick Lamar, Taylour Paige",2,2022,5,13,1635,0,68895644,4,1,6,0,0,108,B,Major,65,52,69,31,0,8,36,https://i.scdn.co/image/ab67616d0000b2732e02117d76426a08ac7c174f
2606,Kendrick Lamar ,Worldwide Steppers,15,2,4,0,3682729,12283698,Worldwide Steppers,Kendrick Lamar,1,2022,5,13,1480,0,61739839,1,0,5,0,0,72,A#,Minor,56,56,47,76,0,8,36,https://i.scdn.co/image/ab67616d0000b2732e02117d76426a08ac7c174f
2676,Kendrick Lamar ,Purple Hearts,16,2,9,0,2947720,11706585,Purple Hearts,"Kendrick Lamar, Ghostface Killah, Summer Walker",3,2022,5,13,2308,0,76831876,7,0,7,0,0,138,D#,Minor,57,71,82,19,0,15,29,https://i.scdn.co/image/ab67616d0000b2732e02117d76426a08ac7c174f
3212,The Weeknd ,Best Friends,16,2,9,0,1336838,7796076,Best Friends,The Weeknd,1,2022,1,7,1292,0,101114984,3,18,14,0,0,87,E,Minor,49,49,59,44,0,35,21,https://i.scdn.co/image/ab67616d0000b2734ab2520c2c77a1d66b9ee21d
3272,Dr. Dre ,The Next Episode,25,2,5,0,783963,7408055,The Next Episode,"Dr. Dre, Snoop Dogg",2,1999,1,1,31762,0,843309044,142,40,"5,451",1,953,95,D#,Minor,92,31,89,3,0,8,25,https://i.scdn.co/image/ab67616d0000b2739b19c107109de740bad72df5
137,The Weeknd ,Die For You,682,1,10,0,820834,240869086,,,,,,,,,,,,,,,,,,,,,,,,,
500,Frank Ocean ,Lost,303,1,10,0,657541,105158717,Lost,Frank Ocean,1,2012,1,1,29499,11,822239726,124,27,587,0,4,123,A#,Minor,91,49,61,3,0,17,22,https://i.scdn.co/image/ab67616d0000b2737aede4855f6d0d738012e2e5
505,The Ronettes ,Sleigh Ride,188,1,10,0,2784468,104353068,Sleigh Ride,The Ronettes,1,1963,11,22,10114,0,404664135,114,74,262,0,0,92,D,Major,53,84,77,40,0,32,3,https://i.scdn.co/image/ab67616d0000b273adad4220d51bd720481d4be4
515,XXXTENTACION ,Hope,327,1,10,0,1443350,102329254,Hope,XXXTENTACION,1,2018,3,16,3659,0,1200808494,11,10,267,0,7,146,A,Minor,59,23,46,66,0,15,6,https://i.scdn.co/image/ab67616d0000b273806c160566580d6335d1f16c
587,"Tyler, The Creator ",NEW MAGIC WAND,305,1,5,0,1537094,91144161,NEW MAGIC WAND,"Tyler, The Creator",2,2019,5,16,4708,0,461437791,13,7,55,0,1,140,F,Minor,62,46,73,10,0,67,11,https://i.scdn.co/image/ab67616d0000b2737005885df706891a3c182a57
684,Becky G ,MAMIII,216,1,9,0,678178,77685438,MAMIII,"Karol G, Becky G",2,2022,2,10,6809,28,716591492,151,102,175,5,29,94,E,Minor,84,90,70,9,0,14,8,Not Found
759,PnB Rock ,Selfish,307,1,4,0,974217,69647971,Selfish,PnB Rock,1,2016,6,23,2468,0,380319238,15,0,0,0,0,102,C#,Minor,64,4,60,11,0,19,4,https://i.scdn.co/image/ab67616d0000b273e9fb616403542596d3ede300
832,BTS ,Butter,121,1,10,0,1917442,63425107,Butter,BTS,1,2021,5,21,4779,6,1143647827,180,135,223,0,5,110,G#,Major,79,70,36,0,0,6,11,https://i.scdn.co/image/ab67616d0000b27317db30ce3f081d6818a8ad49
921,Harry Styles ,Golden,201,1,6,0,1403497,57121273,Golden,Harry Styles,1,2019,12,13,8429,1,807015863,85,24,200,0,2,140,E,Minor,45,25,84,21,0,13,6,https://i.scdn.co/image/ab67616d0000b27377fdcfda6535601aff081b6a
960,Tate McRae ,she's all i wanna be,163,1,10,0,716119,54992060,she's all i wanna be,Tate McRae,1,2022,2,4,2711,0,343197054,105,12,51,0,12,160,D,Minor,61,65,64,1,0,12,4,https://i.scdn.co/image/ab67616d0000b273f7108342ef45a402af8206b2
975,Coldplay ,My Universe,165,1,8,0,946374,53947652,My Universe,"Coldplay, BTS",2,2021,9,24,6127,13,1061966512,0,0,0,0,0,105,A,Major,58,42,68,1,0,14,4,https://i.scdn.co/image/ab67616d0000b273f60a9b7e2abafc38da31f575
1020,Charlie Puth ,Left and Right (Feat. Jung Kook of BTS),139,1,8,0,983052,50440183,Left and Right (Feat. Jung Kook of BTS),"Charlie Puth, BTS, Jung Kook",3,2022,6,24,3107,39,720434240,38,0,4,0,0,101,D,Major,88,72,59,62,0,9,3,https://i.scdn.co/image/ab67616d0000b27335d2e0ed94a934f2cc46fa49
1037,Stephanie Beatriz ,The Family Madrigal,115,1,10,0,658350,49436537,The Family Madrigal,"Olga Merediz, Stephanie Beatriz, Encanto - Cast",3,2021,11,19,1150,0,184937148,20,38,12,0,0,141,C#,Major,59,56,63,12,0,6,36,Not Found
1418,Billie Eilish ,TV,103,1,8,0,869763,33410882,TV,Billie Eilish,1,2022,7,21,3009,2,338564981,68,89,65,0,25,141,E,Minor,41,9,25,84,1,14,4,https://i.scdn.co/image/ab67616d0000b2737a4781629469bb83356cd318
1573,Lil Baby ,Right On,91,1,6,0,740715,29180138,Right On,Lil Baby,1,2022,4,8,1116,0,101780047,31,9,15,0,1,166,D,Major,70,22,61,2,0,10,34,https://i.scdn.co/image/ab67616d0000b2736c6827c3fb94b95e5ff4a4aa
1993,BTS ,Permission to Dance,51,1,6,0,1033060,20309040,Permission to Dance,BTS,1,2021,7,9,1801,2,608334048,77,134,74,0,2,125,A,Major,70,65,74,1,0,34,4,https://i.scdn.co/image/ab67616d0000b273a7e481899b7e0396f93d10b8
2211,SZA ,Snooze,20,1,9,0,1936152,16647244,Snooze,SZA,1,2022,12,9,2839,25,399686758,58,156,42,1,236,143,F,Major,56,39,55,14,0,11,13,https://i.scdn.co/image/ab67616d0000b27370dbc9f47669d120ad874ec1
2345,SZA ,SOS,19,1,2,(x1),2414716,14996085,SOS,SZA,1,2022,12,9,827,0,73981293,6,18,1,0,0,119,G,Minor,51,51,66,67,0,9,23,https://i.scdn.co/image/ab67616d0000b27370dbc9f47669d120ad874ec1
2427,Lil Baby ,California Breeze,37,1,6,0,1010484,14145607,California Breeze,Lil Baby,1,2022,10,14,991,0,85559365,36,38,13,0,3,162,F,Minor,74,22,67,0,0,11,46,https://i.scdn.co/image/ab67616d0000b27366b04b41fa6f8908dce86695
2634,Morgan Wallen ,One Thing At A Time,25,1,7,0,1369845,12019234,One Thing At A Time,Morgan Wallen,1,2022,12,2,811,4,148469433,11,58,5,0,21,142,G,Major,61,92,91,0,0,26,3,https://i.scdn.co/image/ab67616d0000b273705079df9a25a28b452c1fc9
2710,Tyga ,Freaky Deaky,35,1,9,0,621383,11406306,Freaky Deaky,"Tyga, Doja Cat",2,2022,2,25,1729,0,153240879,26,1,19,0,0,104,D,Minor,80,24,65,2,0,9,4,https://i.scdn.co/image/ab67616d0000b2739d272936b9368c8d7fd2e6ef
3261,BTS ,Yet To Come,17,1,10,0,1015568,7462911,Yet To Come,BTS,1,2022,6,10,829,0,302006641,32,110,26,0,0,172,C#,Major,56,68,89,4,0,33,19,https://i.scdn.co/image/ab67616d0000b27317db30ce3f081d6818a8ad49
3593,The Weeknd ,Dawn FM,10,1,3,(x1),1749943,5795533,Dawn FM,The Weeknd,1,2022,1,7,811,0,53933526,1,8,6,0,0,78,A,Minor,27,10,49,62,0,49,5,https://i.scdn.co/image/ab67616d0000b2734ab2520c2c77a1d66b9ee21d
3660,Linkin Park ,In The End,19,1,8,0,931080,5582847,In The End,Linkin Park,1,2000,10,24,25065,6,1624165576,63,0,"6,808",2,0,105,D#,Minor,55,40,90,1,0,32,6,https://i.scdn.co/image/ab67616d0000b273e2f039481babe23658fc719a
3685,Coolio ,Gangsta's Paradise,17,1,6,0,862057,5464429,Gangsta's Paradise,"Coolio, L.V.",2,1995,7,11,10624,17,1357608774,21,0,386,0,,80,G#,Major,63,40,61,9,0,56,6,https://i.scdn.co/image/ab67616d0000b273c31d3c870a3dbaf7b53186cc
3694,Nicki Minaj ,Bussin,15,1,10,0,763327,5389017,Bussin,"Nicki Minaj, Lil Baby",2,2022,2,11,847,0,64714573,25,0,14,0,0,140,B,Major,89,75,70,6,0,13,5,https://i.scdn.co/image/ab67616d0000b2738c10ac7c3a733632833c3d88
27,Joji ,SLOW DANCING IN THE DARK,1496,0,26,0,661274,437333177,SLOW DANCING IN THE DARK,Joji,1,2018,9,12,10211,0,1122364376,38,79,65,0,1,89,D#,Major,52,28,48,54,1,19,3,https://i.scdn.co/image/ab67616d0000b27360ba1d6104d0475c7555a6b2
35,The Neighbourhood ,Sweater Weather,1050,0,12,0,671844,400804036,Sweater Weather,The Neighbourhood,1,2012,5,14,16413,61,2282771485,166,87,"1,056",1,,124,A#,Major,61,41,81,5,2,10,3,https://i.scdn.co/image/ab67616d0000b2738265a736a1eb838ad5a0b921
65,James Arthur ,Say You Won't Let Go,1083,0,14,0,664830,315132103,Say You Won't Let Go,James Arthur,1,2016,9,9,15722,16,2420461338,231,37,"1,509",0,13,99,A#,Major,40,45,56,69,0,9,5,https://i.scdn.co/image/ab67616d0000b27320beb61f61fcbeb33b10a9ab
128,Steve Lacy ,Dark Red,513,0,11,0,649193,249198471,Dark Red,Steve Lacy,1,2017,2,20,10431,7,920045682,71,53,181,0,10,172,F#,Major,60,77,78,45,0,12,6,https://i.scdn.co/image/ab67616d0000b2733d2dfa42f771cd458b194979
153,The Killers ,Mr. Brightside,877,0,35,0,407790,232977345,Mr. Brightside,The Killers,1,2003,9,23,51979,15,1806617704,306,99,"5,063",2,120,148,C#,Major,35,24,93,0,0,10,8,https://i.scdn.co/image/ab67616d0000b273ccdddd46119a4ff53eaf1f5d
156,Arctic Monkeys ,505,692,0,13,0,510329,231800625,505,Arctic Monkeys,1,2007,4,20,13985,25,1217120710,30,80,588,1,1,140,,Major,52,20,85,0,0,7,5,https://i.scdn.co/image/ab67616d0000b2730c8ac83035e9588e8ad34b90
173,Lewis Capaldi ,Before You Go,672,0,39,0,558202,211623667,Before You Go,Lewis Capaldi,1,2019,11,1,8327,24,1608045237,205,130,625,0,25,112,D#,Major,45,19,60,63,0,9,6,https://i.scdn.co/image/ab67616d0000b2737b9639babbe96e25071ec1d4
188,Kendrick Lamar ,Money Trees,726,0,38,0,481011,203375167,Money Trees,"Kendrick Lamar, Jay Rock",2,2012,1,1,26792,32,1093605526,69,113,695,0,458,144,E,Minor,74,37,53,7,0,21,10,https://i.scdn.co/image/ab67616d0000b273d28d2ebdedb220e479743797
213,The Neighbourhood ,Daddy Issues,705,0,50,0,359758,192551331,Daddy Issues,The Neighbourhood,1,2015,10,30,9771,4,1127468248,42,70,384,0,3,85,A#,Major,59,33,52,7,15,12,3,https://i.scdn.co/image/ab67616d0000b2733066581d697fbdee4303d685
231,Ed Sheeran ,Perfect,488,0,11,0,931316,180975541,Perfect,Ed Sheeran,1,2017,1,1,16596,13,2559529074,7,0,"2,094",0,0,95,G#,Major,60,17,45,16,0,11,2,https://i.scdn.co/image/ab67616d0000b273ba5db46f4b838ef6027e6f96
240,Surf Curse ,Freaks,556,0,29,0,466842,178535641,Freaks,Surf Curse,1,2015,5,10,3006,3,824420218,23,21,121,0,13,180,A,Major,35,41,94,0,63,5,5,https://i.scdn.co/image/ab67616d0000b2739efda673310de265a2c1cf1f
262,Tate McRae ,you broke me first,503,0,16,0,664700,172703722,you broke me first,Tate McRae,1,2020,4,17,6638,0,1180094974,167,19,318,0,1,124,E,Major,64,8,37,79,0,9,5,https://i.scdn.co/image/ab67616d0000b2730c2c97099fd6a637ed0aa4a4
269,"Tyler, The Creator ",See You Again,565,0,24,0,499844,168256802,See You Again,"Tyler, The Creator, Kali Uchis",3,2017,7,21,13387,64,1047101291,77,58,247,1,311,79,F#,Major,56,58,56,37,0,11,10,https://i.scdn.co/image/ab67616d0000b2738940ac99f49e44f59e6f7fb3
312,Beach House ,Space Song,549,0,55,0,434347,151348745,Space Song,Beach House,1,2015,1,1,17852,4,789753877,69,76,335,0,,147,,Minor,51,62,79,22,13,14,3,https://i.scdn.co/image/ab67616d0000b2739b7190e673e46271b2754aab
353,Doja Cat ,Get Into It (Yuh),391,0,16,0,751498,138640495,Get Into It (Yuh),Doja Cat,1,2021,6,25,4999,0,516784627,43,19,73,12,0,92,G#,Minor,91,79,66,32,0,9,16,https://i.scdn.co/image/ab67616d0000b273be841ba4bc24340152e3a79a
360,Kanye West ,Heartless,439,0,38,0,463393,137403023,Heartless,Kanye West,1,2008,1,1,17504,34,887906111,63,39,"1,315",0,2,88,A#,Minor,79,66,65,5,0,25,14,https://i.scdn.co/image/ab67616d0000b273346d77e155d854735410ed18
397,Farruko ,Pepas,337,0,16,0,696956,127483860,Pepas,Farruko,1,2021,6,24,14114,17,1309887447,252,109,965,20,,130,G,Major,76,44,77,1,0,13,3,https://i.scdn.co/image/ab67616d0000b2734239a6aa89738d8f798168ad
398,Justin Bieber ,Mistletoe,295,0,13,0,1898014,127188550,Mistletoe,Justin Bieber,1,2011,1,1,9577,0,629173063,195,111,310,0,0,162,F#,Minor,67,88,54,51,0,9,4,https://i.scdn.co/image/ab67616d0000b273490aa128e07cd31504ae8f86
401,Vance Joy ,Riptide,753,0,12,0,273070,126349492,Riptide,Vance Joy,1,1975,1,1,31123,55,2009094673,300,65,"1,003",1,0,102,C#,Major,48,50,73,43,0,15,4,https://i.scdn.co/image/ab67616d0000b273a9929deb093a6617d2493b03
421,XXXTENTACION ,Revenge,412,0,16,0,1119765,120698497,Revenge,XXXTENTACION,1,2017,8,25,3600,11,1022258230,7,0,203,0,2,140,B,Minor,75,18,25,78,0,11,26,https://i.scdn.co/image/ab67616d0000b273203c89bd4391468eea4cc3f5
433,Kanye West ,Bound 2,361,0,20,0,606925,118764637,Bound 2,Kanye West,1,2013,1,1,19806,7,703301727,33,11,274,0,0,149,C#,Major,37,28,66,14,0,9,5,https://i.scdn.co/image/ab67616d0000b2731dacfbc31cc873d132958af9
450,Eminem ,'Till I Collapse,771,0,41,0,431726,114132725,'Till I Collapse,"Eminem, Nate Dogg",2,2002,5,26,22923,0,1695712020,78,46,"2,515",1,0,171,C#,Major,55,10,85,7,0,8,20,https://i.scdn.co/image/ab67616d0000b2736ca5c90113b30c3c43ffb8f4
455,Playboi Carti ,Sky,361,0,25,0,583880,113291304,Sky,Playboi Carti,1,2020,12,25,3297,3,506778838,25,3,52,0,1,140,D,Major,79,56,91,26,0,13,21,https://i.scdn.co/image/ab67616d0000b27398ea0e689c91f8fea726d9bb
465,WILLOW ,Wait a Minute!,384,0,12,0,578328,111162304,Wait a Minute!,Willow,1,2015,1,11,11985,0,924193303,79,80,250,3,10,101,D#,Minor,76,63,71,3,0,10,3,https://i.scdn.co/image/ab67616d0000b2736ee651e65c3766d80e7fcab7
466,Ed Sheeran ,Photograph,679,0,16,0,349617,111120972,Photograph,Ed Sheeran,1,2014,6,20,18778,3,2236667932,228,105,"2,453",0,84,108,E,Major,61,20,38,61,0,10,5,https://i.scdn.co/image/ab67616d0000b27313b3e37318a0c247b550bccd
484,Shawn Mendes ,There's Nothing Holdin' Me Back,278,0,26,0,711457,107955518,There's Nothing Holdin' Me Back,Shawn Mendes,1,2016,9,23,12382,0,1714490998,229,57,"1,370",2,71,122,D,Major,86,97,80,36,0,9,6,https://i.scdn.co/image/ab67616d0000b273ea3ef7697cfd5705b8f47521
527,Nicky Youre ,Sunroof,238,0,19,0,642413,100753638,Sunroof,"Nicky Youre, Dazy",2,2021,12,3,3741,17,652704649,156,35,110,19,0,131,A#,Major,77,84,71,35,0,15,4,https://i.scdn.co/image/ab67616d0000b273ecd970d1d2623b6c7fc6080c
533,Lord Huron ,The Night We Met,405,0,43,0,513171,99390592,The Night We Met,Lord Huron,1,2015,2,2,18515,35,1410088830,70,82,939,1,162,174,D,Major,45,10,37,97,25,64,4,https://i.scdn.co/image/ab67616d0000b2739d2efe43d5b7ebc7cb60ca81
536,Stephen Sanchez ,Until I Found You,229,0,27,0,538505,98647110,Until I Found You,Stephen Sanchez,1,2021,9,1,4427,4,726434358,69,100,154,20,438,202,A#,Major,34,25,51,69,0,18,4,https://i.scdn.co/image/ab67616d0000b2732bf0876d42b90a8852ad6244
599,KAROL G ,PROVENZA,210,0,11,0,708235,88539867,PROVENZA,Karol G,1,2022,4,21,6587,34,885093467,114,104,147,11,20,111,C#,Major,87,53,52,66,1,11,5,https://i.scdn.co/image/ab67616d0000b27382de1ca074ae63cb18fce335
605,Bad Bunny ,Callaita,255,0,37,0,491084,87611768,Callaita,"Bad Bunny, Tainy",2,2019,5,31,9539,15,1304313953,162,116,355,7,0,176,D,Major,61,24,62,60,0,24,31,https://i.scdn.co/image/ab67616d0000b2734aef420e62863ebf622c27f5
624,Childish Gambino ,Me and Your Mama,271,0,14,0,692793,85544703,Me and Your Mama,Childish Gambino,1,2016,11,10,8775,0,445590495,33,60,107,1,0,118,F,Major,56,25,45,1,3,7,3,https://i.scdn.co/image/ab67616d0000b2737582716b3666a5235d5af4ea
667,Bad Bunny ,Neverita,213,0,13,0,1399198,79303751,Neverita,Bad Bunny,1,2022,5,6,2590,30,671365962,20,64,35,6,0,122,A#,Major,88,43,50,7,0,14,5,https://i.scdn.co/image/ab67616d0000b27349d694203245f241a1bcaa72
671,Ruth B. ,Dandelions,290,0,66,0,339445,79089363,Dandelions,Ruth B.,1,2017,4,28,3423,21,1116995633,41,100,59,1,32,117,C#,Major,61,45,69,2,0,9,3,https://i.scdn.co/image/ab67616d0000b27397e971f3e53475091dc8d707
716,The Rare Occasions ,Notion,240,0,33,0,468246,73881354,Notion,The Rare Occasions,1,2016,8,5,2393,0,421135627,22,13,65,0,6,160,A,Major,31,30,88,7,0,8,8,https://i.scdn.co/image/ab67616d0000b273598721fc8c9dde3f65a73a08
717,Darlene Love ,Christmas (Baby Please Come Home),127,0,14,0,2503153,73684954,Christmas (Baby Please Come Home),Darlene Love,1,1963,11,22,9122,0,242767149,121,58,212,0,0,126,D#,Major,34,35,76,39,0,8,5,https://i.scdn.co/image/ab67616d0000b273adad4220d51bd720481d4be4
736,Morgan Wallen ,Thought You Should Know,230,0,14,0,1392859,71563009,Thought You Should Know,Morgan Wallen,1,2022,5,6,968,4,203221468,16,53,1,0,61,140,F#,Major,53,51,70,49,0,14,3,https://i.scdn.co/image/ab67616d0000b273705079df9a25a28b452c1fc9
746,Rauw Alejandro ,Todo De Ti,161,0,14,0,818279,70548618,Todo De Ti,Rauw Alejandro,1,2020,11,2,11975,8,1168642797,188,75,268,6,16,128,D#,Minor,81,57,63,40,1,10,4,https://i.scdn.co/image/ab67616d0000b2734801828052a610b910cff795
761,The Weeknd ,Stargirl Interlude,209,0,22,0,612149,69531121,Stargirl Interlude,"The Weeknd, Lana Del Rey",2,2016,11,24,1275,32,611700552,13,8,5,0,1,90,F,Minor,59,52,48,38,5,10,11,https://i.scdn.co/image/ab67616d0000b273a048415db06a5b6fa7ec4e1a
770,Yung Gravy ,Betty (Get Money),149,0,15,0,680508,68763185,Betty (Get Money),Yung Gravy,1,2022,6,10,2402,0,221752937,45,2,26,0,1,102,C#,Major,73,62,75,0,0,34,8,https://i.scdn.co/image/ab67616d0000b273633674a4e5072dabf5173069
805,Chris Brown ,Under The Influence,142,0,21,0,641846,65353666,Under The Influence,Chris Brown,1,2019,10,4,3859,26,929964809,133,181,3,0,,117,A,Minor,73,31,69,6,0,11,4,https://i.scdn.co/image/ab67616d0000b2739a494f7d8909a6cc4ceb74ac
826,Bad Bunny ,La Corriente,172,0,14,0,1395658,63877667,La Corriente,"Tony Dize, Bad Bunny",2,2022,5,6,1796,8,479655659,8,25,18,1,0,196,B,Minor,66,58,79,23,0,22,20,Not Found
840,Tears For Fears ,Everybody Wants To Rule The World,193,0,44,0,400855,62256647,Everybody Wants To Rule The World,Tears For Fears,1,1985,2,17,41751,25,1205951614,101,32,"2,655",0,666,112,G,Major,64,54,81,36,0,11,6,https://i.scdn.co/image/ab67616d0000b27322463d6939fec9e17b2a6235
856,CKay ,love nwantiti (ah ah ah),188,0,27,0,509139,61186051,love nwantiti (ah ah ah),Ckay,1,2019,7,26,5669,2,726837877,74,0,262,14,,93,F,Minor,74,53,73,61,0,13,4,https://i.scdn.co/image/ab67616d0000b273405fdad252857e01dbced96a
873,Bruno Mars ,Talking to the Moon,242,0,56,0,341216,59926571,Talking To The Moon,Bruno Mars,1,2010,10,4,7109,2,1062956628,5,0,862,0,0,146,C#,Minor,52,7,61,51,0,11,3,https://i.scdn.co/image/ab67616d0000b273f6b55ca93bd33211227b502b
911,Alec Benjamin ,Let Me Down Slowly,161,0,33,0,594243,57970760,Let Me Down Slowly,Alec Benjamin,1,2018,5,25,5897,19,1374581173,0,0,885,0,0,150,C#,Minor,65,51,55,73,0,14,3,https://i.scdn.co/image/ab67616d0000b273459d675aa0b6f3b211357370
939,Steve Lacy ,Static,131,0,22,0,593606,56250712,Static,Steve Lacy,1,2022,7,15,1613,0,202452860,21,15,13,0,0,79,C#,Major,34,22,31,43,63,10,7,https://i.scdn.co/image/ab67616d0000b27368968350c2550e36d96344ee
951,John Legend ,All of Me,478,0,28,0,247616,55369178,All of Me,John Legend,1,2013,8,1,27221,0,2086124197,308,118,"4,534",2,77,120,G#,Major,42,33,26,92,0,13,3,https://i.scdn.co/image/ab67616d0000b27394c9217a398f5174757c0c78
952,Cigarettes After Sex ,Apocalypse,170,0,42,0,402317,55292647,Apocalypse,Cigarettes After Sex,1,2017,3,21,13091,17,841749534,61,96,790,2,116,94,F,Major,37,17,47,2,46,11,3,https://i.scdn.co/image/ab67616d0000b27312b69bf576f5e80291f75161
973,Vundabar ,Alien Blues,172,0,27,0,461330,54041374,Alien Blues,Vundabar,1,2015,7,24,1930,0,370068639,3,0,28,0,1,82,D#,Major,47,44,76,8,91,9,3,https://i.scdn.co/image/ab67616d0000b273578b0e6109b76bad0821ca71
1019,Em Beihold ,Numb Little Bug,144,0,25,0,484640,50555344,Numb Little Bug,Em Beihold,1,2022,1,28,2026,0,258714692,47,3,42,12,6,85,G#,Minor,74,61,52,30,0,26,9,https://i.scdn.co/image/ab67616d0000b273dc0353a5801934f9a4bac01d
1021,Bizarrap ,"Quevedo: Bzrp Music Sessions, Vol. 52",135,0,27,0,517445,50396055,"Quevedo: Bzrp Music Sessions, Vol. 52","Bizarrap, Quevedo",2,2022,7,6,8506,45,1356565093,94,65,164,14,176,128,D,Major,62,55,78,1,3,23,4,https://i.scdn.co/image/ab67616d0000b2731630dd349221a35ce03a0ccf
1025,Eminem ,The Real Slim Shady,192,0,16,0,543319,50034425,The Real Slim Shady,Eminem,1,2000,1,1,20763,27,1424589568,81,53,"3,271",1,17,104,F,Minor,95,78,66,3,0,4,6,https://i.scdn.co/image/ab67616d0000b273dbb3dd82da45b7d7f31b1b42
1060,Imagine Dragons ,Bones,151,0,49,0,557121,48025317,Bones,Imagine Dragons,1,2021,3,11,4198,44,838079900,98,108,327,17,153,114,F,Minor,77,65,72,2,0,7,5,https://i.scdn.co/image/ab67616d0000b273fc915b69600dce2991a61f13
1076,Bad Bunny ,Yo No Soy Celoso,125,0,12,0,1565952,47047318,Yo No Soy Celoso,Bad Bunny,1,2022,5,6,1179,0,313113297,7,21,11,0,0,142,,Major,87,93,59,28,0,17,5,https://i.scdn.co/image/ab67616d0000b27349d694203245f241a1bcaa72
1080,Manuel Turizo ,La Bachata,131,0,48,0,459579,46825328,La Bachata,Manuel Turizo,1,2022,5,26,6804,45,1214083358,139,111,161,15,210,125,G,Minor,84,85,68,58,0,22,4,https://i.scdn.co/image/ab67616d0000b273c9f744b0d62da795bc21d04a
1091,Taylor Swift ,Mastermind,51,0,11,0,4450320,46196864,Mastermind,Taylor Swift,1,2022,10,21,1936,0,218320587,7,5,13,0,0,126,E,Major,66,12,35,55,0,9,14,https://i.scdn.co/image/ab67616d0000b273bb54dde68cd23e2a268ae0f5
1094,Frank Ocean ,Pink + White,175,0,69,0,376845,45987269,Pink + White,Frank Ocean,1,2016,8,20,21574,30,806397070,112,68,266,1,39,160,A,Major,54,54,55,67,0,42,11,https://i.scdn.co/image/ab67616d0000b273c5649add07ed3720be9d5526
1116,The Neighbourhood ,Softcore,142,0,37,0,430498,44951503,Softcore,The Neighbourhood,1,2018,3,9,3947,12,599770206,33,102,93,0,30,94,D,Major,57,36,58,5,0,15,3,https://i.scdn.co/image/ab67616d0000b2739b6ac98a52f62d5cb473da40
1123,Hotel Ugly ,Shut up My Moms Calling,114,0,43,0,490267,44768357,Shut up My Moms Calling,Hotel Ugly,1,2020,2,10,1788,14,405136812,1,50,19,0,19,139,A,Minor,48,37,41,32,0,10,10,https://i.scdn.co/image/ab67616d0000b273350ab7a839c04bfd5225a9f5
1131,Duncan Laurence ,Arcade,157,0,57,0,352955,44307767,Arcade,Duncan Laurence,1,2019,3,7,6646,0,991336132,107,47,584,1,,72,A,Minor,45,27,33,82,0,14,4,https://i.scdn.co/image/ab67616d0000b273a954408e456d4d9d410f448b
1137,girl in red ,we fell in love in october,172,0,44,0,393988,44020710,we fell in love in october,girl in red,1,2018,11,21,6858,0,723043854,31,21,15,0,4,130,G,Major,57,24,37,11,18,16,3,https://i.scdn.co/image/ab67616d0000b273d6839051c4760457e1a60b2a
1168,Tory Lanez ,The Color Violet,119,0,46,0,472388,42598269,The Color Violet,Tory Lanez,1,2021,12,10,2585,32,415932686,3,79,21,1,54,105,F#,Minor,65,46,53,16,0,9,5,https://i.scdn.co/image/ab67616d0000b2730c5f23cbf0b1ab7e37d0dc67
1177,Sia ,Snowman,100,0,28,0,1342079,42395769,Snowman,Sia,1,2017,1,1,5140,0,690104769,85,110,500,0,,105,C#,Major,72,33,51,48,0,9,3,https://i.scdn.co/image/ab67616d0000b273d1410c1372fab1e516328fa8
1179,Oliver Tree ,Life Goes On,127,0,29,0,485805,42294034,Life Goes On,Oliver Tree,1,2020,7,17,2868,0,501541661,43,15,116,0,,80,,Major,70,57,49,19,0,12,8,https://i.scdn.co/image/ab67616d0000b2731c5a484110522f2b9c7038cc
1200,Taylor Swift ,Labyrinth,43,0,11,0,4770853,41557645,Labyrinth,Taylor Swift,1,2022,10,21,1597,0,187339835,6,3,15,0,0,110,,Major,48,15,31,80,22,12,4,https://i.scdn.co/image/ab67616d0000b273bb54dde68cd23e2a268ae0f5
1229,Taylor Swift ,Sweet Nothing,43,0,12,0,4464243,40294896,Sweet Nothing,Taylor Swift,1,2022,10,21,1747,0,186104310,9,6,13,0,2,177,,Major,34,39,16,97,0,12,5,https://i.scdn.co/image/ab67616d0000b273bb54dde68cd23e2a268ae0f5
1231,BoyWithUke ,Toxic,136,0,49,0,399425,40146871,Toxic,BoyWithUke,1,2021,9,10,1795,0,582981380,34,23,118,0,,180,G#,Minor,59,69,61,84,0,46,36,https://i.scdn.co/image/ab67616d0000b273ee07023115f822012390d2a0
1236,Diane Guerrero ,What Else Can I Do?,99,0,14,0,592526,40013524,What Else Can I Do?,"Stephanie Beatriz, Diane Guerrero",2,2021,11,19,802,0,154797871,13,27,8,0,0,120,E,Major,72,54,71,26,0,10,4,Not Found
1263,Bad Bunny ,Callaita,133,0,32,0,925036,38763386,Callaita,"Bad Bunny, Tainy",2,2019,5,31,9539,15,1304313953,162,116,355,7,0,176,D,Major,61,24,62,60,0,24,31,https://i.scdn.co/image/ab67616d0000b2734aef420e62863ebf622c27f5
1296,Mr.Kitty ,After Dark,151,0,114,0,303811,37792811,After Dark,Mr.Kitty,1,2014,8,8,1776,14,646886885,1,9,3,0,0,140,G#,Major,58,4,60,7,41,8,3,https://i.scdn.co/image/ab67616d0000b273b492477206075438e0751176
1312,Demi Lovato ,Cool for the Summer,150,0,11,0,429835,37034004,Cool for the Summer,Demi Lovato,1,2015,1,1,9243,0,677389855,155,5,577,0,6,114,F,Minor,59,30,62,1,0,8,4,https://i.scdn.co/image/ab67616d0000b273ed164cf1c10f028e8f528784
1316,Bad Bunny ,Otro Atardecer,115,0,22,0,1105369,36840103,Otro Atardecer,"Bad Bunny, The Mar????",2,2022,5,6,1681,7,319546754,10,30,13,0,33,108,D,Major,78,55,60,59,0,7,4,Not Found
1328,Eminem ,Without Me,158,0,29,0,482917,36410442,Without Me,Eminem,1,2002,1,1,21081,43,1687664027,98,76,"3,889",5,0,112,G,Major,92,67,66,0,0,36,9,https://i.scdn.co/image/ab67616d0000b2736ca5c90113b30c3c43ffb8f4
1336,Bad Bunny ,Un Coco,122,0,28,0,1014546,36095670,Un Coco,Bad Bunny,1,2022,5,6,1029,28,403231558,5,28,9,0,0,152,B,Major,84,74,69,21,0,18,6,https://i.scdn.co/image/ab67616d0000b27349d694203245f241a1bcaa72
1366,Beach Weather ,"Sex, Drugs, Etc.",112,0,51,0,377646,35092006,"Sex, Drugs, Etc.",Beach Weather,1,2016,11,4,3006,16,480507035,47,60,87,12,124,144,E,Minor,57,47,84,1,1,52,4,https://i.scdn.co/image/ab67616d0000b273a03e3d24ccee1c370899c342
1367,Bad Bunny ,Andrea,112,0,25,0,999201,35085957,Andrea,"Buscabulla, Bad Bunny",2,2022,5,6,1195,0,344055883,8,30,13,1,1,103,C#,Minor,80,45,62,76,0,10,38,Not Found
1370,Jaymes Young ,Infinity,116,0,55,0,401330,35009706,Infinity,Jaymes Young,1,2017,6,23,4375,0,888046992,24,0,396,0,0,122,B,Minor,67,50,67,15,0,30,4,https://i.scdn.co/image/ab67616d0000b273a9897f65d1ead1be10a51e3f
1386,Meghan Trainor ,Made You Look,66,0,24,0,759300,34342321,Made You Look,Meghan Trainor,1,2022,10,21,3956,6,502574952,142,23,127,3,16,145,A#,Major,84,88,53,35,0,8,7,https://i.scdn.co/image/ab67616d0000b2731a4f1ada93881da4ca8060ff
1390,OneRepublic ,Counting Stars,337,0,36,0,140997,34229004,Counting Stars,OneRepublic,1,2013,1,1,29215,43,2011464183,179,97,"3,394",11,153,122,C#,Minor,66,48,71,6,0,12,4,https://i.scdn.co/image/ab67616d0000b2739e2f95ae77cf436017ada9cb
1403,Ghost ,Mary On A Cross,86,0,27,0,564774,33860020,Mary On A Cross,Ghost,1,2019,9,13,2668,2,387080183,38,266,78,0,141,130,B,Major,47,56,90,0,0,10,4,https://i.scdn.co/image/ab67616d0000b273bef9b0a348ea8dd18a581025
1414,Taylor Swift ,"Would've, Could've, Should've",48,0,14,0,1819160,33543719,"Would've, Could've, Should've",Taylor Swift,1,2022,10,21,1715,0,177503916,4,5,8,0,0,158,G,Major,48,55,84,43,0,15,12,https://i.scdn.co/image/ab67616d0000b2737dca066ca62e4ebb583b8058
1420,Armani White ,BILLIE EILISH.,101,0,42,0,443870,33370246,BILLIE EILISH.,Armani White,1,2022,1,20,2537,0,277132266,49,1,67,11,1,100,C#,Major,90,75,50,11,0,9,26,https://i.scdn.co/image/ab67616d0000b2734f8799f23432ad98d522f0ec
1423,Marshmello ,Numb,126,0,57,0,458944,33325524,,,,,,,,,,,,,,,,,,,,,,,,,
1434,Arctic Monkeys ,I Wanna Be Yours,105,0,67,0,375665,32996699,I Wanna Be Yours,Arctic Monkeys,1,2013,1,1,12859,110,1297026226,24,98,582,2,73,135,,Minor,48,44,42,12,2,11,3,https://i.scdn.co/image/ab67616d0000b2734ae1c4c5c45aabe565499163
1511,d4vd ,Here With Me,71,0,20,0,587499,30491119,Here With Me,d4vd,1,2022,7,17,3246,23,635412045,94,85,68,1,84,132,E,Major,58,27,48,50,0,12,3,https://i.scdn.co/image/ab67616d0000b27364fa1bda999f4fbd2b7c4bb7
1520,Tom Odell ,Another Love,107,0,81,0,337198,30208862,Another Love,Tom Odell,1,2012,10,15,18371,83,1813673666,250,122,"3,394",19,,123,E,Minor,45,13,54,70,0,9,4,https://i.scdn.co/image/ab67616d0000b2731917a0f3f4152622a040913f
1557,Coldplay ,Sparks,115,0,99,0,303312,29456244,Sparks,Coldplay,1,2000,7,10,10826,4,624101957,24,0,805,0,0,103,C#,Major,37,17,27,75,5,10,3,https://i.scdn.co/image/ab67616d0000b2733d92b2ad5af9fbc8637425f0
1587,ACRAZE ,Do It To It,97,0,22,0,505080,28832576,Do It To It,"Cherish, ACRAZE",2,2021,8,20,12403,0,674772936,183,63,465,0,11,125,B,Minor,85,64,81,2,5,7,9,Not Found
1612,Sam Smith ,I'm Not The Only One,223,0,18,0,232226,28188250,I'm Not The Only One,Sam Smith,1,2014,1,1,17492,3,1606986953,136,24,"1,959",0,30,82,F,Major,68,50,49,56,0,8,4,Not Found
1617,Arctic Monkeys ,Why'd You Only Call Me When You're High?,117,0,102,0,271524,28059730,Why'd You Only Call Me When You're High?,Arctic Monkeys,1,2013,1,1,23389,29,1267333350,54,70,"1,089",2,1,92,D,Major,70,81,63,4,0,8,4,Not Found
1622,Joji ,Die For You,50,0,19,0,1443735,27893011,,,,,,,,,,,,,,,,,,,,,,,,,
1625,Oliver Tree ,Miss You,75,0,41,0,440265,27833633,,,,,,,,,,,,,,,,,,,,,,,,,
1657,Miguel ,Sure Thing,86,0,32,0,518355,26871929,Sure Thing,Miguel,1,2010,5,25,13801,19,950906471,137,125,435,6,285,81,B,Minor,68,51,60,3,0,19,10,https://i.scdn.co/image/ab67616d0000b273d5a8395b0d80b8c48a5d851c
1659,Taylor Swift ,The Great War,42,0,14,0,1864956,26851672,The Great War,Taylor Swift,1,2022,10,21,1274,0,181382590,1,6,11,0,0,96,F,Major,57,55,74,22,0,8,4,https://i.scdn.co/image/ab67616d0000b273e0b60c608586d88252b8fbc0
1664,Sebastian Yatra ,Dos Oruguitas,79,0,32,0,448687,26756153,Dos Oruguitas,Sebastian Yatra,1,2021,11,19,925,0,167076418,24,47,74,0,0,94,,Major,42,47,36,76,0,9,5,https://i.scdn.co/image/ab67616d0000b273e1ac646ed6f25125e2a77229
1683,Labrinth ,Still Don't Know My Name,87,0,51,0,428899,26336120,Still Don't Know My Name,Labrinth,1,2019,10,4,6332,0,563902868,47,116,266,0,0,88,F,Major,31,31,63,47,27,21,12,https://i.scdn.co/image/ab67616d0000b27389c39ba1acdf33ed7acd3867
1686,Imagine Dragons ,Demons,288,0,65,0,112829,26233403,Demons,Imagine Dragons,1,2012,1,1,26694,13,1840364617,65,82,"3,425",4,13,180,D#,Major,33,38,71,20,0,28,5,https://i.scdn.co/image/ab67616d0000b273b2b2747c89d2157b0b29fb6a
1694,Rosa Linn ,SNAP,88,0,64,0,377135,25972464,,,,,,,,,,,,,,,,,,,,,,,,,
1728,Taylor Swift ,Bigger Than The Whole Sky,40,0,15,0,1864394,25189181,Bigger Than The Whole Sky,Taylor Swift,1,2022,10,21,1180,0,121871870,4,0,8,0,0,166,F#,Major,42,7,24,83,1,12,6,https://i.scdn.co/image/ab67616d0000b273e0b60c608586d88252b8fbc0
1737,Nio Garcia ,AM Remix,86,0,49,0,564406,25024011,AM Remix,"J Balvin, Nio Garcia, Bad Bunny",3,2021,6,24,6556,0,528544703,93,5,67,1,0,172,F#,Minor,74,79,66,11,0,8,16,Not Found
1744,Harry Styles ,Love Of My Life,46,0,12,0,2180740,24795101,Love Of My Life,Harry Styles,1,2022,5,20,1933,0,233671263,13,2,31,0,0,118,G,Major,56,20,54,67,0,6,5,https://i.scdn.co/image/ab67616d0000b2732e8ed79e177ff6011076f5f0
1776,Emmy Meli ,I AM WOMAN,83,0,61,0,364239,24325903,I AM WOMAN,Emmy Meli,1,2021,11,18,2795,0,225259194,45,0,107,0,0,170,A#,Major,65,46,47,12,0,13,16,https://i.scdn.co/image/ab67616d0000b273d4e10cba96b669683d0f8069
1788,LISA ,MONEY,72,0,22,0,530932,24125163,MONEY,Lisa,1,2021,9,10,2566,13,863625566,44,109,131,0,,140,C#,Minor,83,40,55,16,0,14,23,https://i.scdn.co/image/ab67616d0000b273330f11fb125bb80b760f9e19
1791,Lil Nas X ,STAR WALKIN' (League of Legends Worlds Anthem),63,0,14,0,714954,24090906,STAR WALKIN' (League of Legends Worlds Anthem),Lil Nas X,1,2022,9,22,2616,0,332506354,113,17,208,0,192,142,D,Minor,64,31,72,15,0,9,5,https://i.scdn.co/image/ab67616d0000b27304cd9a1664fb4539a55643fe
1828,Bad Bunny ,Aguacero,65,0,20,0,1208226,23324784,Aguacero,Bad Bunny,1,2022,5,6,829,0,283359161,4,15,10,0,0,121,F#,Minor,86,67,65,42,0,35,7,https://i.scdn.co/image/ab67616d0000b27349d694203245f241a1bcaa72
1835,The Goo Goo Dolls ,Iris,97,0,103,0,318467,23178467,Iris,The Goo Goo Dolls,1,1998,3,31,13101,9,1284942608,137,5,582,0,0,156,B,Minor,32,49,72,0,0,9,4,https://i.scdn.co/image/ab67616d0000b273eda9478c39a21e1cdc6609ca
1839,Britney Spears ,My Only Wish (This Year),59,0,48,0,1158004,23088066,My Only Wish (This Year),Britney Spears,1,2000,11,7,6952,0,261116938,115,53,286,0,0,147,,Major,67,69,72,17,0,19,3,https://i.scdn.co/image/ab67616d0000b27316ed688a08ecd351560f4566
1859,Rauw Alejandro ,Desesperados,94,0,112,0,295616,22756151,Desesperados,"Chencho Corleone, Rauw Alejandro",2,2021,6,25,6821,34,809306935,83,58,128,7,0,90,C#,Minor,87,51,69,36,0,9,8,Not Found
1870,One Direction ,Night Changes,175,0,18,0,272638,22434400,Night Changes,One Direction,1,2014,11,17,7124,18,1131090940,60,20,2,0,,120,G#,Major,67,40,52,86,0,12,4,https://i.scdn.co/image/ab67616d0000b273d304ba2d71de306812eebaf4
1871,Labrinth ,Mount Everest,71,0,32,0,453938,22432686,Mount Everest,Labrinth,1,2019,6,21,5443,0,467727006,45,1,80,0,12,89,,Minor,46,43,43,23,8,8,22,https://i.scdn.co/image/ab67616d0000b273e4c03429788f0aff263a5fc6
1925,Muni Long ,Hrs and Hrs,69,0,49,0,385296,21356296,Hrs and Hrs,Muni Long,1,2021,11,19,1800,0,181328253,43,36,46,13,4,140,G#,Minor,51,66,53,60,0,11,18,https://i.scdn.co/image/ab67616d0000b273d424d6448da5d51e00f6fda7
1957,Arctic Monkeys ,Do I Wanna Know?,217,0,63,0,214617,20855935,Do I Wanna Know?,Arctic Monkeys,1,2013,1,1,33783,26,1788326445,133,92,"2,733",1,26,85,F,Major,55,42,53,17,0,22,3,https://i.scdn.co/image/ab67616d0000b2734ae1c4c5c45aabe565499163
2004,Bad Bunny ,Dos Mil 16,55,0,21,0,1147522,20150130,Dos Mil 16,Bad Bunny,1,2022,5,6,892,3,338422004,10,24,11,0,0,130,C#,Major,82,50,67,12,0,13,5,https://i.scdn.co/image/ab67616d0000b27349d694203245f241a1bcaa72
2028,ThxSoMch ,SPIT IN MY FACE!,56,0,53,0,473108,19600894,,,,,,,,,,,,,,,,,,,,,,,,,
2063,Central Cee ,Doja,70,0,74,0,335070,19115990,Doja,Central Cee,1,2022,7,20,4169,44,482257456,57,44,183,1,11,140,F#,Major,91,97,57,38,0,40,29,https://i.scdn.co/image/ab67616d0000b2733c7d945b6baf935e8a0ebdaa
2071,Leah Kate ,10 Things I Hate About You,64,0,51,0,398684,18922207,10 Things I Hate About You,Leah Kate,1,2022,3,23,1301,0,185550869,23,1,15,0,0,154,G#,Major,54,45,79,1,0,17,5,https://i.scdn.co/image/ab67616d0000b273596a9d381ffda7d97da5d702
2107,Musical Youth ,Pass The Dutchie,56,0,41,0,485086,18330047,Pass The Dutchie,Musical Youth,1,1982,1,1,5328,0,195918494,54,76,900,0,0,151,G,Major,73,88,67,20,0,32,5,https://i.scdn.co/image/ab67616d0000b27392a9d95df51a8d84f90166a6
2124,Lizzo ,2 Be Loved (Am I Ready),63,0,32,0,481739,18040969,2 Be Loved (Am I Ready),Lizzo,1,2022,7,14,3682,6,247689123,41,0,158,2,68,156,G,Major,72,92,77,9,0,8,11,https://i.scdn.co/image/ab67616d0000b273caa75a1b27530c05d8b76675
2150,Harry Styles ,Boyfriends,30,0,13,0,2151808,17684088,Boyfriends,Harry Styles,1,2022,5,20,1517,0,137070925,26,2,30,0,0,118,,Major,42,32,20,94,0,11,4,https://i.scdn.co/image/ab67616d0000b2732e8ed79e177ff6011076f5f0
2153,AnnenMayKantereit ,Tom's Diner,53,0,25,0,430044,17646543,Tom's Diner,"AnnenMayKantereit, Giant Rooks",2,2019,6,28,2605,0,236872197,15,48,50,0,3,98,F#,Minor,68,33,43,38,0,36,14,https://i.scdn.co/image/ab67616d0000b2732186eb1b0b5436f858c0508c
2155,Bruno Mars ,When I Was Your Man,140,0,123,0,274414,17626644,When I Was Your Man,Bruno Mars,1,2012,12,5,2420,11,1661187319,0,0,806,0,0,145,,Major,60,43,27,94,0,14,4,https://i.scdn.co/image/ab67616d0000b273926f43e7cce571e62720fd46
2171,Kevin Gates ,Thinking with My Dick,46,0,12,0,558225,17331432,Thinking with My Dick,"Kevin Gates, Juicy J",2,2013,7,16,1550,0,109091573,0,0,14,0,0,81,,Major,77,68,70,6,0,17,20,https://i.scdn.co/image/ab67616d0000b273648c824765ffe493d9947b62
2225,Adele ,Rolling in the Deep,89,0,47,0,416270,16522159,Rolling in the Deep,Adele,1,2010,11,29,35684,6,1472799873,195,125,"6,280",2,78,105,G#,Major,73,52,76,13,0,5,3,https://i.scdn.co/image/ab67616d0000b2732118bf9b198b05a95ded6300
2241,TV Girl ,Lovers Rock,64,0,108,0,312646,16301804,Lovers Rock,TV Girl,1,2014,6,5,6339,13,466231982,3,1,36,1,37,105,F,Minor,56,57,87,0,1,10,4,https://i.scdn.co/image/ab67616d0000b273e1bc1af856b42dd7fdba9f84
2290,Bad Bunny ,La Santa,38,0,11,0,1119458,15731522,La Santa,"Daddy Yankee, Bad Bunny",2,2020,2,29,4890,20,759208783,52,42,100,0,0,93,C#,Major,74,59,87,3,0,8,5,Not Found
2312,Eminem ,Mockingbird,51,0,94,0,345888,15464258,Mockingbird,Eminem,1,2004,1,1,12985,61,1241559043,49,98,"2,394",5,204,84,E,Minor,62,24,67,21,0,13,28,https://i.scdn.co/image/ab67616d0000b273726d48d93d02e1271774f023
2340,Bad Bunny ,Me Fui de Vacaciones,40,0,26,0,1053735,15038728,Me Fui de Vacaciones,Bad Bunny,1,2022,5,6,1443,0,305650299,9,11,22,1,0,85,A#,Major,71,43,65,23,0,9,5,https://i.scdn.co/image/ab67616d0000b27349d694203245f241a1bcaa72
2353,Freddie Dredd ,Limbo,44,0,94,0,404831,14923501,Limbo,Freddie Dredd,1,2022,8,11,688,0,199386237,14,1,17,0,2,75,B,Minor,80,46,62,3,6,11,46,https://i.scdn.co/image/ab67616d0000b27369b381d574b329409bd806e6
2387,SZA ,Special,19,0,15,0,1513853,14613168,Special,SZA,1,2022,12,9,906,0,88092256,6,21,3,0,0,76,,Major,60,19,20,78,0,11,5,https://i.scdn.co/image/ab67616d0000b27370dbc9f47669d120ad874ec1
2419,Bad Bunny ,Un Verano Sin Ti,38,0,25,0,1098322,14220465,Un Verano Sin Ti,Bad Bunny,1,2022,5,6,1004,1,283332261,8,12,9,0,0,188,F,Minor,50,41,50,69,0,12,6,https://i.scdn.co/image/ab67616d0000b27349d694203245f241a1bcaa72
2443,Avicii ,The Nights,142,0,55,0,486562,13947934,The Nights,Avicii,1,2014,1,1,17354,8,1456081449,92,122,"1,282",0,55,126,F#,Major,53,66,85,2,0,24,4,https://i.scdn.co/image/ab67616d0000b2730ae4f4d42e4a09f3a29f64ad
2468,JVKE ,this is what falling in love feels like,58,0,122,0,265545,13696202,this is what falling in love feels like,JVKE,1,2021,9,3,2005,0,346127840,16,5,43,0,7,129,B,Major,42,33,44,62,0,8,6,https://i.scdn.co/image/ab67616d0000b273c2504e80ba2f258697ab2954
2479,Kendrick Lamar ,Savior,21,0,12,0,2537597,13624131,Savior,"Kendrick Lamar, Sam Dew, Baby Keem",3,2022,5,13,2291,0,86176890,9,0,8,0,0,123,G#,Major,61,66,71,53,0,32,46,https://i.scdn.co/image/ab67616d0000b2732e02117d76426a08ac7c174f
2500,Billie Eilish ,Bored,52,0,64,0,306733,13383835,Bored,Billie Eilish,1,2017,3,30,4204,0,777765388,39,45,250,0,0,120,G,Major,60,11,33,90,0,8,5,https://i.scdn.co/image/ab67616d0000b273e0f2af91be409aad81bba98c
2538,SZA ,Gone Girl,19,0,15,0,1654434,12943893,Gone Girl,SZA,1,2022,12,9,892,0,65362788,3,17,2,0,0,150,F,Major,43,42,44,57,0,15,6,https://i.scdn.co/image/ab67616d0000b27370dbc9f47669d120ad874ec1
2555,SZA ,Notice Me,19,0,14,0,1721787,12760652,Notice Me,SZA,1,2022,12,9,819,0,62019074,14,22,0,0,0,160,F,Major,72,78,68,28,0,11,12,https://i.scdn.co/image/ab67616d0000b27370dbc9f47669d120ad874ec1
2566,SZA ,F2F,19,0,16,0,1574963,12681004,F2F,SZA,1,2022,12,9,989,0,67540165,5,9,1,0,0,90,D,Major,53,47,74,9,0,34,4,https://i.scdn.co/image/ab67616d0000b27370dbc9f47669d120ad874ec1
2583,Lauren Spencer Smith ,Flowers,36,0,13,0,566486,12553344,,,,,,,,,,,,,,,,,,,,,,,,,
2720,Labrinth ,Formula,44,0,84,0,314885,11307345,Formula,Labrinth,1,2019,10,4,3444,7,554875730,24,85,102,0,1,145,B,Major,57,23,66,4,6,15,4,https://i.scdn.co/image/ab67616d0000b27389c39ba1acdf33ed7acd3867
2728,SZA ,Smoking on my Ex Pack,18,0,17,0,1550958,11200596,Smoking on my Ex Pack,SZA,1,2022,12,9,811,0,57144458,6,11,3,0,0,81,G#,Major,47,33,68,24,0,22,38,https://i.scdn.co/image/ab67616d0000b27370dbc9f47669d120ad874ec1
2732,Gunna ,thought i was playing,28,0,17,0,1042226,11157150,thought i was playing,"21 Savage, Gunna",2,2022,1,7,807,0,60680939,3,0,5,0,0,148,C#,Major,68,29,73,0,0,7,7,Not Found
2766,Anitta ,Envolver,40,0,57,0,384581,10838226,Envolver,Anitta,1,2021,11,11,4673,2,546191065,123,113,180,1,4,92,E,Minor,81,40,73,15,0,9,8,https://i.scdn.co/image/ab67616d0000b27332f29a61d5e3c3bb3c7ae510
2777,SZA ,Conceited,18,0,22,0,1417666,10753602,Conceited,SZA,1,2022,12,9,899,0,56870689,2,14,2,0,0,150,C#,Major,79,77,46,5,0,11,7,https://i.scdn.co/image/ab67616d0000b27370dbc9f47669d120ad874ec1
2781,RAYE ,Escapism.,24,0,28,0,545431,10733718,Escapism.,"RAYE, 070 Shake",2,2022,10,12,5129,25,532336353,116,84,114,18,348,96,D,Major,54,25,74,14,0,9,11,https://i.scdn.co/image/ab67616d0000b27394e5237ce925531dbb38e75f
2785,The Weeknd ,Less Than Zero,25,0,13,0,1130568,10677300,Less Than Zero,The Weeknd,1,2022,1,7,2800,0,200660871,18,77,61,0,1,143,,Major,53,50,79,0,0,8,3,https://i.scdn.co/image/ab67616d0000b273b3a6d0134f197bce863369a6
2816,PinkPantheress ,Boy's a liar,27,0,72,0,471366,10471117,Boy's a liar,PinkPantheress,1,2022,11,30,1225,0,156338624,27,0,28,13,0,133,F,Major,66,74,84,25,0,21,4,https://i.scdn.co/image/ab67616d0000b27342c5ba689b2e7cbc208a8fa7
2818,Stephen Sanchez ,Until I Found You,23,0,20,0,589834,10463586,Until I Found You,Stephen Sanchez,1,2021,9,1,4427,4,726434358,69,100,154,20,438,202,A#,Major,34,25,51,69,0,18,4,https://i.scdn.co/image/ab67616d0000b2732bf0876d42b90a8852ad6244
2844,Shawn Mendes ,It'll Be Okay,40,0,56,0,459701,10174511,It'll Be Okay,Shawn Mendes,1,2021,12,1,1950,0,287201015,56,8,104,0,10,78,G,Major,40,7,29,62,0,9,3,Not Found
2875,Bad Bunny ,Agosto,27,0,32,0,925232,9933840,Agosto,Bad Bunny,1,2022,5,6,897,0,246127838,6,20,8,0,0,115,C#,Minor,85,72,58,9,0,49,12,https://i.scdn.co/image/ab67616d0000b27349d694203245f241a1bcaa72
2880,Yung Lean ,Ginseng Strip 2002,33,0,38,0,408655,9916835,Ginseng Strip 2002,Yung Lean,1,2013,8,16,4310,0,240769997,13,0,113,1,3,115,C#,Major,60,37,71,8,0,48,4,https://i.scdn.co/image/ab67616d0000b273581915272a4ffd12551c0202
2912,Lady Gaga ,Bloody Mary,26,0,83,0,437790,9698562,Bloody Mary,Lady Gaga,1,2011,1,1,3909,0,372476382,66,26,277,3,734,100,A,Minor,59,49,65,2,0,13,3,https://i.scdn.co/image/ab67616d0000b273a47c0e156ea3cebe37fdcab8
2941,Bruno Mars ,Locked Out Of Heaven,143,0,105,0,202286,9535009,Locked Out Of Heaven,Bruno Mars,1,2012,12,5,1622,9,1481349984,0,0,356,0,0,144,F,Major,73,87,70,6,0,28,5,https://i.scdn.co/image/ab67616d0000b273926f43e7cce571e62720fd46
2951,Panic! At The Disco ,House Of Memories,45,0,84,0,260662,9452447,House Of Memories,Panic! At The Disco,1,2016,1,15,2948,0,582863434,10,2,150,0,0,110,B,Minor,51,48,82,0,0,5,3,https://i.scdn.co/image/ab67616d0000b27323152d9337d6c57b116ed13a
2990,SZA ,Too Late,16,0,25,0,1284303,9190926,Too Late,SZA,1,2022,12,8,714,0,49262961,0,9,2,0,0,128,B,Major,45,35,68,78,0,39,8,https://i.scdn.co/image/ab67616d0000b27370dbc9f47669d120ad874ec1
3000,SZA ,Far,16,0,26,0,1227489,9165509,Far,SZA,1,2022,12,9,680,0,51641685,2,15,1,0,0,116,D,Major,61,48,55,67,0,16,8,https://i.scdn.co/image/ab67616d0000b27370dbc9f47669d120ad874ec1
3043,Edison Lighthouse ,Love Grows (Where My Rosemary Goes),36,0,93,0,287769,8827139,Love Grows (Where My Rosemary Goes),Edison Lighthouse,1,1970,1,1,2877,0,BPM110KeyAModeMajorDanceability53Valence75Energy69Acousticness7Instrumentalness0Liveness17Speechiness3,16,0,54,0,0,110,A,Major,53,75,69,7,0,17,3,https://i.scdn.co/image/ab67616d0000b2739a0011cc9d31cf969b656905
3054,Kendrick Lamar ,Mr. Morale,14,0,15,0,2094668,8787790,Mr. Morale,"Kendrick Lamar, Tanna Leone",2,2022,5,13,1860,0,58687425,1,0,3,0,0,174,A,Major,73,26,54,30,0,34,32,https://i.scdn.co/image/ab67616d0000b2732e02117d76426a08ac7c174f
3173,Adele ,Set Fire to the Rain,52,0,61,0,395768,8012344,Set Fire to the Rain,Adele,1,2011,1,1,14739,43,1163620694,88,112,"2,163",5,519,108,D,Minor,61,47,68,0,0,13,3,https://i.scdn.co/image/ab67616d0000b2732118bf9b198b05a95ded6300
3198,Kenshi Yonezu ,KICK BACK,29,0,59,0,360201,7883030,KICK BACK,Kenshi Yonezu,1,2022,10,12,574,4,210038833,38,101,26,0,0,102,C#,Major,58,29,94,0,0,9,11,https://i.scdn.co/image/ab67616d0000b273303d8545fce8302841c39859
3245,Shakira ,Te Felicito,30,0,124,0,298377,7558521,Te Felicito,"Shakira, Rauw Alejandro",2,2022,4,21,4796,9,606361689,124,66,212,13,1,174,F,Major,70,57,64,23,0,8,32,https://i.scdn.co/image/ab67616d0000b2739a9716c90ceeb1890921e44f
3314,50 Cent ,In Da Club,30,0,29,0,486868,7212722,In Da Club,50 Cent,1,2002,1,1,30427,7,1202722675,235,106,"5,221",1,35,90,F#,Minor,90,79,71,26,0,7,37,https://i.scdn.co/image/ab67616d0000b273f7f74100d5cc850e01172cbf
3332,Kendrick Lamar ,Crown,9,0,13,0,2288034,7068255,Crown,Kendrick Lamar,1,2022,5,13,1493,0,42485571,2,0,10,0,0,170,C#,Minor,37,14,24,80,0,11,4,https://i.scdn.co/image/ab67616d0000b2732e02117d76426a08ac7c174f
3341,Benson Boone ,In The Stars,23,0,31,0,524916,7036482,In The Stars,Benson Boone,1,2022,4,29,2224,8,382199619,48,40,87,1,210,78,A#,Major,36,30,54,34,0,14,5,https://i.scdn.co/image/ab67616d0000b273786e4e2c43c2897fafabbfb6
3344,Suki Waterhouse ,Good Looking,22,0,56,0,417080,7030386,Good Looking,Suki Waterhouse,1,2017,10,20,2264,0,184706613,11,6,25,0,1,150,E,Major,37,27,56,8,0,13,3,https://i.scdn.co/image/ab67616d0000b27343bff43a592efe047d2ab9ff
3400,Taylor Swift ,Blank Space,28,0,82,0,357339,6772902,Blank Space,Taylor Swift,1,2014,1,1,11434,53,1355959075,154,123,410,2,81,96,F,Major,75,57,68,9,0,13,6,https://i.scdn.co/image/ab67616d0000b2739abdf14e6058bd3903686148
3411,SALES ,Pope Is a Rockstar,26,0,96,0,351475,6723372,Pope Is a Rockstar,SALES,1,2016,4,20,1966,0,156658366,4,2,50,0,0,90,E,Minor,73,31,45,85,24,11,3,https://i.scdn.co/image/ab67616d0000b2731138eea74b6d7e06289bedaa
3412,Kendrick Lamar ,Auntie Diaries,9,0,14,0,2118488,6720794,Auntie Diaries,Kendrick Lamar,1,2022,5,13,1545,0,37778188,1,0,4,0,0,78,G,Major,43,60,38,76,1,48,38,https://i.scdn.co/image/ab67616d0000b2732e02117d76426a08ac7c174f
3430,Miley Cyrus ,Angels Like You,21,0,48,0,489423,6655190,Angels Like You,Miley Cyrus,1,2020,11,27,3372,19,570515054,65,48,138,1,102,122,F,Major,67,49,64,10,0,10,3,https://i.scdn.co/image/ab67616d0000b2738cffb7c6c40759eaf8a5a142
3431,Kendrick Lamar ,Mirror,11,0,18,0,1764818,6650338,Mirror,Kendrick Lamar,1,2022,5,13,1929,0,53603447,2,0,4,0,0,92,E,Minor,66,29,65,23,0,8,7,https://i.scdn.co/image/ab67616d0000b2732e02117d76426a08ac7c174f
3454,Rosa Walton ,I Really Want to Stay at Your House,23,0,71,0,330238,6538766,I Really Want to Stay at Your House,"Rosa Walton, Hallie Coggins",2,2020,12,18,668,1,140430339,0,0,31,0,,125,D#,Minor,49,13,74,0,0,9,4,https://i.scdn.co/image/ab67616d0000b273a91a5b301baac1f46e6f30eb
3573,Bad Bunny ,A Tu Merced,15,0,39,0,679037,5918004,A Tu Merced,Bad Bunny,1,2020,2,29,4214,11,685071800,21,20,40,0,0,92,,Major,86,89,79,17,0,11,6,https://i.scdn.co/image/ab67616d0000b273548f7ec52da7313de0c5e4a0
3584,The Weeknd ,Starry Eyes,12,0,12,0,1204379,5839614,Starry Eyes,The Weeknd,1,2022,1,7,1014,0,74601456,1,17,11,0,0,86,A,Minor,28,13,41,50,0,19,3,https://i.scdn.co/image/ab67616d0000b2734ab2520c2c77a1d66b9ee21d
3588,Ed Sheeran ,Merry Christmas,14,0,59,0,853346,5828241,Merry Christmas,"Ed Sheeran, Elton John",2,2017,11,10,2209,0,135723538,72,90,141,0,0,114,,Major,59,60,94,24,0,10,4,https://i.scdn.co/image/ab67616d0000b273d8db7e7b7d4c1e90cd18ca3a
3605,Bad Bunny ,La Zona,14,0,29,0,775612,5774822,La Zona,Bad Bunny,1,2020,2,29,1188,0,312622938,13,1,15,0,1,94,C#,Minor,76,81,80,20,0,25,4,https://i.scdn.co/image/ab67616d0000b273548f7ec52da7313de0c5e4a0
3774,Halsey ,So Good,14,0,21,0,700448,5096204,So Good,Halsey,1,2022,6,9,1057,0,91781263,51,14,19,0,0,83,D#,Minor,63,29,62,4,0,18,4,https://i.scdn.co/image/ab67616d0000b27339e6616a499bc092f469cae0
3812,Selena Gomez ,My Mind & Me,14,0,61,0,597692,4982250,My Mind & Me,Selena Gomez,1,2022,11,3,953,0,91473363,61,13,37,1,0,144,A,Major,60,24,39,57,0,8,3,https://i.scdn.co/image/ab67616d0000b2730f5397dc6aa91374897182e0
3908,Coldplay ,Viva La Vida,21,0,60,0,268093,4610225,Viva La Vida,Coldplay,1,2008,1,1,33898,62,1592909789,233,0,"4,095",9,0,138,F,Minor,49,42,62,9,0,11,3,https://i.scdn.co/image/ab67616d0000b273e21cc1db05580b6f2d2a3b6e
3936,Rauw Alejandro ,LOKERA,18,0,155,0,275356,4514711,LOKERA,"Brray, Rauw Alejandro, Lyanno",3,2022,7,25,3301,30,471819764,72,64,64,6,3,102,B,Minor,83,58,83,21,0,10,5,Not Found
3952,Linkin Park ,Numb,15,0,13,0,793797,4430537,,,,,,,,,,,,,,,,,,,,,,,,,
3982,SiM ,The Rumbling (TV Size),17,0,91,0,309730,4335564,The Rumbling (TV Size),SiM,1,2022,1,10,254,0,71014967,0,4,23,0,0,145,G#,Major,41,65,88,0,0,26,5,https://i.scdn.co/image/ab67616d0000b2735d2f378be5d973ad504456d7
4083,The Weeknd ,A Tale By Quincy,8,0,15,0,1136781,4034332,A Tale By Quincy,The Weeknd,1,2022,1,7,733,0,41924466,0,2,2,0,0,94,F,Minor,46,55,50,71,0,10,11,https://i.scdn.co/image/ab67616d0000b2734ab2520c2c77a1d66b9ee21d
4114,Mac DeMarco ,Heart To Heart,12,0,97,0,378841,3961460,Heart To Heart,Mac DeMarco,1,2019,5,10,1640,0,244658767,27,27,29,1,1,150,G#,Minor,90,64,14,67,35,11,10,https://i.scdn.co/image/ab67616d0000b273fa1323bb50728c7489980672
4175,Lana Del Rey ,Summertime Sadness,16,0,156,0,249496,3790373,Summertime Sadness,Lana Del Rey,1,2011,1,1,20333,52,983637508,89,143,"1,632",3,200,112,C#,Minor,56,24,66,7,0,12,3,https://i.scdn.co/image/ab67616d0000b273f894be72a77b1488292672c7
4182,The Weeknd ,Every Angel is Terrifying,8,0,18,0,1020904,3777115,Every Angel is Terrifying,The Weeknd,1,2022,1,7,715,0,37307967,0,1,2,0,0,118,,Major,44,52,94,11,0,4,29,https://i.scdn.co/image/ab67616d0000b2734ab2520c2c77a1d66b9ee21d
4211,NewJeans ,Ditto,9,0,76,0,511027,3707974,Ditto,NewJeans,1,2022,12,19,1154,22,397582059,28,125,11,1,51,134,F#,Minor,81,18,64,3,0,10,11,https://i.scdn.co/image/ab67616d0000b273edf5b257be1d6593e81bb45f
4277,Guns N' Roses ,Sweet Child O' Mine,18,0,155,0,247706,3541621,Sweet Child O' Mine,Guns N' Roses,1,1987,1,1,41231,1,1553497987,228,151,"6,720",3,99,125,F#,Major,45,67,90,9,11,10,5,https://i.scdn.co/image/ab67616d0000b27321ebf49b3292c3f0f575f0f5
4335,BTS ,Run BTS,8,0,15,0,794579,3414062,Run BTS,BTS,1,2022,6,10,736,0,330881149,5,132,17,0,3,77,G#,Major,72,70,82,2,0,4,17,https://i.scdn.co/image/ab67616d0000b27317db30ce3f081d6818a8ad49
4415,Grupo Frontera ,No Se Va,10,0,48,0,403671,3202808,No Se Va,Grupo Frontera,1,2022,4,28,924,18,404887295,17,80,22,9,38,173,,Major,59,69,53,12,0,23,3,https://i.scdn.co/image/ab67616d0000b273042b5cc9a1a0a97cfc005ee8
4473,Future ,Worst Day,8,0,32,0,514345,3067934,Worst Day,Future,1,2022,2,11,910,0,50746620,20,3,24,0,0,89,C#,Major,65,60,60,11,0,10,40,https://i.scdn.co/image/ab67616d0000b2737e83b7d94b668d9ea94fe7ec
4589,The Weeknd ,Phantom Regret by Jim,7,0,29,0,794372,2822528,Phantom Regret by Jim,The Weeknd,1,2022,1,7,768,0,31959571,1,1,3,0,0,108,A,Minor,46,23,48,75,30,14,4,https://i.scdn.co/image/ab67616d0000b2734ab2520c2c77a1d66b9ee21d
4681,Dr. Dre ,Forgot About Dre,8,0,19,0,531827,2678337,Forgot About Dre,"Eminem, Dr. Dre",2,1999,1,1,19067,0,675039469,78,15,"1,674",0,3,134,G#,Major,93,61,74,9,0,17,8,Not Found
4738,BLACKPINK ,Typa Girl,7,0,21,0,625738,2606708,Typa Girl,BLACKPINK,1,2022,9,16,452,10,235549288,2,129,13,0,1,132,G,Major,92,53,62,7,0,63,10,https://i.scdn.co/image/ab67616d0000b2734aeaaeeb0755f1d8a8b51738
4827,Shakin' Stevens ,Merry Christmas Everyone,6,0,99,0,575946,2500731,Merry Christmas Everyone,Shakin' Stevens,1,1984,1,1,1087,0,351636786,90,35,5,0,0,101,C#,Minor,72,91,87,14,0,13,3,https://i.scdn.co/image/ab67616d0000b273d962f3b4235f8c6429a829fb
4862,BTS ,Butter,7,0,14,0,705599,2465485,Butter,BTS,1,2021,5,21,4779,6,1143647827,180,135,223,0,5,110,G#,Major,79,70,36,0,0,6,11,https://i.scdn.co/image/ab67616d0000b27317db30ce3f081d6818a8ad49
4965,Taylor Swift ,Style,10,0,118,0,325173,2333716,Style,Taylor Swift,1,2014,1,1,7830,42,786181836,94,111,151,4,82,95,D,Major,60,48,79,0,0,12,4,https://i.scdn.co/image/ab67616d0000b2739abdf14e6058bd3903686148
5042,Dua Lipa ,Levitating,7,0,48,0,458751,2225826,Levitating,Dua Lipa,1,2020,3,27,9833,0,797196073,233,82,531,1,1,103,F#,Minor,69,90,88,5,0,29,8,https://i.scdn.co/image/ab67616d0000b273d4daf28d55fe4197ede848be
5049,Charlie Puth ,That's Hilarious,7,0,29,0,466612,2215746,That's Hilarious,Charlie Puth,1,2022,4,8,686,2,146363130,11,6,12,0,15,108,F#,Major,71,55,44,74,0,11,6,https://i.scdn.co/image/ab67616d0000b273a3b39c1651a617bb09800fd8
5151,Chase Atlantic ,Swim,9,0,169,0,239063,2090134,Swim,Chase Atlantic,1,2017,10,4,2742,0,498960285,5,1,62,0,0,120,G#,Major,67,8,54,27,0,8,4,https://i.scdn.co/image/ab67616d0000b2735a0c2870f4f309e382d1fad6
5243,PSY ,That That (prod. & feat. SUGA of BTS),7,0,88,0,336517,1992512,That That (prod. & feat. SUGA of BTS),"PSY, Suga",2,2022,4,29,802,0,212109195,16,81,23,0,0,130,E,Major,91,91,96,3,0,3,9,https://i.scdn.co/image/ab67616d0000b273b5c128b71507ef309ff4912e
5253,TWICE ,Talk that Talk,7,0,83,0,361427,1986425,Talk that Talk,TWICE,1,2022,8,26,615,0,189476119,14,77,15,1,2,120,D#,Minor,77,78,91,14,0,33,12,https://i.scdn.co/image/ab67616d0000b273c3040848e6ef0e132c5c8340
5818,J Balvin ,Sigue,5,0,50,0,424226,1492771,Sigue,"Ed Sheeran, J Balvin",2,1996,11,24,1370,0,106933107,46,8,60,0,0,88,G,Major,89,59,64,5,0,19,7,Not Found
5926,IVE ,After LIKE,5,0,83,0,317433,1413975,After LIKE,IVE,1,2022,8,22,767,12,265548837,20,129,11,0,12,125,,Major,68,80,92,10,0,9,12,https://i.scdn.co/image/ab67616d0000b27387f53da5fb4ab1171766b2d5
5947,JIN ,The Astronaut,4,0,54,0,506707,1392323,The Astronaut,Jin,1,2022,10,28,481,9,203436468,10,100,15,1,27,125,F,Major,54,22,76,0,0,14,3,https://i.scdn.co/image/ab67616d0000b27343aaff780ea621da5ce4eb0a
5991,Rauw Alejandro ,PUNTO 40,5,0,114,0,328540,1360333,PUNTO 40,"Baby Rasta, Rauw Alejandro",2,2022,9,22,3006,12,304079786,54,32,66,2,0,107,,Major,87,20,83,0,4,31,9,Not Found
6069,Lewis Capaldi ,Forget Me,5,0,97,0,328186,1305832,Forget Me,Lewis Capaldi,1,2022,9,9,2520,4,239411309,93,95,84,9,202,102,C#,Minor,67,72,74,30,0,36,4,https://i.scdn.co/image/ab67616d0000b2737cdf9838412bb52df6e9a952
6100,Eminem ,Stan,5,0,114,0,280639,1286083,Stan,"Eminem, Dido",2,1999,11,21,17115,0,918915401,83,63,"4,180",0,0,80,F#,Minor,78,53,74,4,0,45,21,https://i.scdn.co/image/ab67616d0000b273dbb3dd82da45b7d7f31b1b42
6131,Jung Kook ,Stay Alive (Prod. SUGA of BTS),4,0,44,0,453699,1268123,Stay Alive (Prod. SUGA of BTS),Jung Kook,1,2022,2,11,590,5,246376690,4,113,20,0,1,130,D,Minor,51,50,76,30,0,10,7,https://i.scdn.co/image/ab67616d0000b2738916a2bb404bed6755f2bbbd
6149,David Kushner ,Miserable Man,5,0,112,0,281200,1254914,Miserable Man,David Kushner,1,2022,1,7,788,0,124407432,13,0,32,1,0,110,A#,Major,63,31,35,93,0,29,3,https://i.scdn.co/image/ab67616d0000b273e3884b7043aa68c264faff71
6207,Stray Kids ,MANIAC,5,0,106,0,295143,1207733,MANIAC,Stray Kids,1,2022,3,18,651,0,212234990,6,188,20,0,0,120,C#,Major,58,71,80,15,0,7,41,https://i.scdn.co/image/ab67616d0000b2733613e1e0d35867a0814005a9
6342,KAROL G ,CAIRO,4,0,124,0,330321,1132201,CAIRO,"Karol G, Ovy On The Drums",2,2022,11,13,2418,26,294352144,52,66,55,1,16,115,F,Minor,95,43,69,47,0,9,31,https://i.scdn.co/image/ab67616d0000b27382de1ca074ae63cb18fce335
6547,Bruno Mars ,Just the Way You Are,12,0,90,0,207621,1016697,Just The Way You Are,Bruno Mars,1,2010,1,1,21106,13,1641426668,82,0,"2,946",0,0,109,F,Major,63,46,85,1,0,9,5,https://i.scdn.co/image/ab67616d0000b273f6b55ca93bd33211227b502b
6663,Fuerza Regida ,Bebe Dame,3,0,72,0,364028,943686,Bebe Dame,"Fuerza Regida, Grupo Frontera",2,2022,12,16,849,22,367316268,27,129,21,7,111,157,G,Major,54,75,60,30,0,7,5,https://i.scdn.co/image/ab67616d0000b2735f3aef5159749e4b61686670
6708,Foudeqush ,Con La Brisa,3,0,111,0,325690,914742,Con La Brisa,"Ludwig Goransson, Foudeqush",2,2022,11,4,486,0,71095708,8,1,7,0,0,114,D,Minor,62,25,44,51,33,14,3,Not Found
6798,Jung Kook ,Dreamers [Music from the FIFA World Cup Qatar 2022 Official Soundtrack],3,0,90,0,321857,866620,Dreamers [Music from the FIFA World Cup Qatar 2022 Official Soundtrack],"BTS, Jung Kook, FIFA Sound",3,2022,11,20,889,20,323358833,11,78,35,0,21,115,,Major,71,34,88,16,0,44,4,Not Found
6805,Jnr Choi ,TO THE MOON,4,0,171,0,230106,864655,TO THE MOON,Jnr Choi,1,2021,11,5,2979,0,245095641,44,0,159,0,0,144,D,Major,74,39,65,5,1,11,35,https://i.scdn.co/image/ab67616d0000b2739af8418ffb638b3306a07714
6903,BTS ,Born Singer,2,0,38,0,526175,807290,Born Singer,BTS,1,2022,6,10,279,0,79095270,0,18,6,0,0,158,G#,Minor,60,68,84,4,0,24,11,https://i.scdn.co/image/ab67616d0000b27317db30ce3f081d6818a8ad49
6922,Fireboy DML ,Peru,4,0,173,0,202580,800094,Peru,"Ed Sheeran, Fireboy DML",2,2021,12,23,2999,0,261286503,60,17,154,0,22,108,G,Minor,96,71,42,57,0,8,9,Not Found
6937,Calvin Harris ,We Found Love,10,0,168,0,90629,793648,We Found Love,"Rihanna, Calvin Harris",2,2011,1,1,36843,21,1235005533,321,91,"4,607",1,58,128,C#,Major,73,60,77,3,0,11,4,https://i.scdn.co/image/ab67616d0000b273bef074de9ca825bddaeb9f46
7006,BTS ,For Youth,2,0,47,0,498710,769634,For Youth,BTS,1,2022,6,10,327,0,114546317,5,40,12,0,0,117,D,Major,63,29,51,43,0,25,4,https://i.scdn.co/image/ab67616d0000b27317db30ce3f081d6818a8ad49
7150,NewJeans ,Attention,3,0,181,0,240505,719462,Attention,NewJeans,1,2022,8,1,799,12,264717480,14,141,9,0,1,105,A#,Minor,81,70,65,24,0,8,4,https://i.scdn.co/image/ab67616d0000b2739d28fd01859073a3ae6ea209
7538,Dua Lipa ,Levitating,2,0,81,0,376797,604038,Levitating,Dua Lipa,1,2020,3,27,9833,0,797196073,233,82,531,1,1,103,F#,Minor,69,90,88,5,0,29,8,https://i.scdn.co/image/ab67616d0000b273d4daf28d55fe4197ede848be
7600,Carin Leon ,Que Vuelvas,2,0,126,0,303481,589476,Que Vuelvas,"Carin Leon, Grupo Frontera",2,2022,12,9,763,26,2762,21,110,21,9,71,162,A#,Major,49,78,64,19,0,11,4,https://i.scdn.co/image/ab67616d0000b2735c7336d25ca101fbb0855647
7617,The Weeknd ,Blinding Lights,2,0,118,0,322566,585904,Blinding Lights,The Weeknd,1,2019,11,29,43899,69,3703895074,672,199,"3,421",20,,171,C#,Major,50,38,80,0,0,9,7,https://i.scdn.co/image/ab67616d0000b2738863bc11d2aa12b54f5aeb36
7827,Central Cee ,LET GO,2,0,165,0,268730,535155,LET GO,Central Cee,1,2022,12,15,2301,20,298063749,49,23,110,0,8,146,D,Minor,74,51,45,86,0,21,38,https://i.scdn.co/image/ab67616d0000b273cbb3701743a568e7f1c4e967
7860,Jimin ,With You,2,0,92,0,286132,524568,With you,"HA SUNG WOON, Jimin",2,2022,4,24,343,2,240580042,4,35,11,1,1,150,D#,Major,53,14,43,64,0,13,3,Not Found
7870,LE SSERAFIM ,ANTIFRAGILE,2,0,141,0,270462,522228,ANTIFRAGILE,LE SSERAFIM,1,2022,10,17,761,12,301051721,23,95,11,0,3,105,A#,Minor,88,82,80,8,0,11,8,https://i.scdn.co/image/ab67616d0000b273a991995542d50a691b9ae5be
7873,Coldplay ,The Scientist,4,0,71,0,183778,521994,The Scientist,Coldplay,1,2002,8,5,30992,6,1608164312,124,25,"7,827",1,0,146,F,Major,56,21,44,73,0,11,2,https://i.scdn.co/image/ab67616d0000b273de09e02aa7febf30b7c02d82
8056,Labrinth ,Forever,2,0,184,0,235524,466504,Forever,Labrinth,1,2019,10,4,3618,0,282883169,21,86,138,0,2,80,E,Minor,56,19,46,92,72,11,3,https://i.scdn.co/image/ab67616d0000b27389c39ba1acdf33ed7acd3867
8122,TWICE ,The Feels,2,0,174,0,236592,447000,The Feels,TWICE,1,2021,10,1,1150,0,345903614,20,99,44,0,2,120,A,Major,81,92,90,9,0,8,7,https://i.scdn.co/image/ab67616d0000b273d1961ecb307c9e05ec8f7e82
8181,Gotye ,Somebody That I Used To Know,2,0,196,0,213625,425517,Somebody That I Used To Know,"Gotye, Kimbra",2,2011,1,1,42798,0,1457139296,217,136,"6,508",1,,129,,Major,86,75,52,54,0,10,4,https://i.scdn.co/image/ab67616d0000b273e1d47c00ddecbfb810c807ed
8234,Ed Sheeran ,Celestial,1,0,57,0,404808,404808,Celestial,Ed Sheeran,1,2022,9,29,1639,0,176474912,86,14,80,0,37,123,D,Major,57,50,85,5,0,16,4,https://i.scdn.co/image/ab67616d0000b27300bc0dcf5dd155f73eff5267
8672,Sabrina Carpenter ,Nonsense,1,0,184,0,320029,320029,Nonsense,Sabrina Carpenter,1,2022,7,15,2346,27,342897938,69,12,38,8,64,139,G#,Major,74,68,68,3,0,26,4,https://i.scdn.co/image/ab67616d0000b273700f7bf79c9f063ad0362bdf
8710,Lady Gaga ,Hold My Hand,1,0,139,0,316182,316182,Hold My Hand,Lady Gaga,1,2022,5,3,2528,0,238350348,63,8,270,2,105,148,G,Major,51,21,63,5,0,41,3,https://i.scdn.co/image/ab67616d0000b273b7e7edfee5626b7b1f15192a
8747,Troye Sivan ,Angel Baby,1,0,127,0,312587,312587,Angel Baby,Troye Sivan,1,2021,9,9,1959,9,408843328,52,25,32,0,10,145,B,Major,56,41,57,1,0,13,3,https://i.scdn.co/image/ab67616d0000b2735cf05521594fbf41d2a48893
8798,Ed Sheeran ,Bad Habits,1,0,116,0,306159,306159,Bad Habits,Ed Sheeran,1,2020,9,3,12755,8,1555511105,344,97,945,15,,126,B,Minor,81,59,90,5,0,36,3,https://i.scdn.co/image/ab67616d0000b273ef24c3fdbf856340d55cfeb2
8929,Oliver Tree ,Life Goes On,1,0,151,0,294769,294769,Life Goes On,Oliver Tree,1,2020,7,17,2868,0,501541661,43,15,116,0,,80,,Major,70,57,49,19,0,12,8,https://i.scdn.co/image/ab67616d0000b2731c5a484110522f2b9c7038cc
9692,Maluma ,Sobrio,1,0,143,0,249769,249769,Sobrio,Maluma,1,2021,7,8,3506,10,513643924,103,76,100,1,1,178,F,Major,76,63,77,14,0,15,22,https://i.scdn.co/image/ab67616d0000b2730c912949e9f848cc95797b27
9797,Ed Sheeran ,Shape of You,1,0,123,0,244013,244013,Shape of You,Ed Sheeran,1,2017,1,6,32181,10,3562543890,33,0,"6,808",7,0,96,C#,Minor,83,93,65,58,0,9,8,https://i.scdn.co/image/ab67616d0000b273ba5db46f4b838ef6027e6f96
9942,Peso Pluma ,Siempre Pendientes,1,0,191,0,236497,236497,Siempre Pendientes,"Peso Pluma, Luis R Conriquez",2,2022,8,15,685,5,295152154,15,79,4,2,0,136,,Major,77,71,75,33,1,13,4,https://i.scdn.co/image/ab67616d0000b273093a2563368d844b2a91306f
10536,Sean Paul ,No Lie,1,0,160,0,165443,165443,No Lie,"Sean Paul, Dua Lipa",2,2016,11,18,7370,0,956865266,92,127,"1,219",0,62,102,G,Major,74,45,89,5,0,26,13,https://i.scdn.co/image/ab67616d0000b2732d564195ed3dd7b70d64862c
10781,Sia ,Unstoppable,1,0,150,0,118080,118080,Unstoppable,Sia,1,2016,1,21,7681,13,939844851,119,66,"1,145",2,,174,A,Major,47,27,78,11,0,10,8,https://i.scdn.co/image/ab67616d0000b273754b2fddebe7039fdb912837
